iteration index, timestamp [ms], iterTime [ms], toggleTime [ms], motors_phase_time[iter], tfLuna distance [cm], tfLuna strength, tfLuna chip temperature [degC], mpu acceleration X [m/s^2], mpu acceleration Y [m/s^2], mpu acceleration Z [m/s^2], mpu rotation X [rad/s], mpu rotation Y (rad/s), mpu rotation Z [rad/s], mpu chip temprature [degC], VL53L0X 1 distance [mm], VL53L0X 2 distance [mm], VL53L0X 3 distance [mm]

0,7,49,43,7,-1,-1,-1.00,0.22,0.41,10.34,-0.06,-0.04,-0.02,22.02,180,54,192

1,56,50,43,7,-1,-1,-1.00,0.00,0.45,10.48,-0.07,-0.04,-0.01,22.03,177,53,191

2,107,49,42,8,-1,-1,-1.00,0.24,0.38,10.31,-0.07,-0.05,-0.02,22.02,174,53,190

3,155,50,43,7,-1,-1,-1.00,0.16,0.48,10.43,-0.07,-0.04,-0.02,22.02,181,51,194

4,205,50,43,7,-1,-1,-1.00,0.26,0.34,10.30,-0.07,-0.05,-0.02,22.03,172,55,192

5,255,50,43,7,-1,-1,-1.00,0.02,0.43,10.31,-0.06,-0.04,-0.01,22.02,184,55,189

6,305,50,43,7,-1,-1,-1.00,0.25,0.37,10.30,-0.08,-0.05,-0.02,22.02,171,52,188

7,355,50,43,7,-1,-1,-1.00,0.17,0.45,10.43,-0.05,-0.04,-0.02,22.03,181,53,195

8,405,50,43,7,-1,-1,-1.00,0.25,0.34,10.29,-0.08,-0.05,-0.02,22.03,178,51,190

9,455,50,43,7,-1,-1,-1.00,0.08,0.49,10.34,-0.05,-0.04,-0.01,22.03,180,57,185

10,505,50,43,7,-1,-1,-1.00,0.26,0.36,10.31,-0.08,-0.05,-0.02,22.03,173,53,188

11,555,50,43,7,-1,-1,-1.00,0.48,0.50,10.38,-0.03,-0.03,-0.02,22.03,180,56,187

12,605,50,43,7,-1,-1,-1.00,0.20,0.32,10.25,-0.09,-0.06,-0.02,22.03,173,54,184

13,655,50,43,7,-1,-1,-1.00,0.18,0.43,10.43,-0.05,-0.04,-0.02,22.04,175,52,187

14,705,50,43,7,-1,-1,-1.00,0.25,0.35,10.30,-0.07,-0.05,-0.02,22.03,176,55,190

15,755,50,43,7,-1,-1,-1.00,0.21,0.38,10.43,-0.04,-0.02,-0.00,22.03,180,54,196

16,805,50,43,7,-1,-1,-1.00,0.23,0.36,10.30,-0.08,-0.06,-0.02,22.03,174,56,191

17,855,50,43,7,-1,-1,-1.00,0.20,0.42,10.34,-0.03,-0.03,-0.02,22.03,179,51,189

18,905,50,43,7,-1,-1,-1.00,0.30,0.34,10.29,-0.08,-0.06,-0.04,22.04,177,55,188

19,955,50,43,7,-1,-1,-1.00,0.03,0.40,10.25,-0.06,-0.04,-0.01,22.04,178,56,191

20,1005,50,43,7,-1,-1,-1.00,0.24,0.37,10.33,-0.07,-0.05,-0.02,22.03,173,52,195

21,1055,50,43,7,-1,-1,-1.00,0.05,0.44,10.23,-0.05,-0.03,-0.01,22.04,182,51,192

22,1105,50,43,7,-1,-1,-1.00,0.24,0.36,10.32,-0.08,-0.05,-0.02,22.04,178,55,187

23,1155,50,43,7,-1,-1,-1.00,-0.02,0.46,10.53,-0.04,-0.03,-0.01,22.04,179,51,186

24,1209,49,39,11,-1,-1,-1.00,0.05,0.25,10.22,-0.08,-0.05,-0.03,22.03,174,54,185

25,1255,49,42,8,-1,-1,-1.00,0.06,0.43,10.24,-0.05,-0.03,-0.01,22.03,178,56,192

26,1303,50,43,7,-1,-1,-1.00,0.24,0.35,10.32,-0.08,-0.05,-0.02,22.03,176,51,185

27,1353,50,43,7,-1,-1,-1.00,0.28,0.38,10.41,-0.03,-0.02,-0.00,22.03,179,54,187

28,1403,50,43,7,-1,-1,-1.00,0.25,0.36,10.30,-0.08,-0.06,-0.02,22.04,177,54,194

29,1453,50,43,7,-1,-1,-1.00,0.21,0.40,10.34,-0.03,-0.03,-0.02,22.04,182,53,191

30,1503,50,43,7,-1,-1,-1.00,0.34,0.36,10.24,-0.08,-0.06,-0.04,22.05,169,53,187

31,1553,50,43,7,-1,-1,-1.00,0.02,0.41,10.32,-0.06,-0.04,-0.01,22.04,174,55,193

32,1603,50,43,7,-1,-1,-1.00,0.25,0.34,10.30,-0.07,-0.05,-0.02,22.04,176,56,188

33,1653,50,43,7,-1,-1,-1.00,0.17,0.40,10.42,-0.05,-0.04,-0.02,22.04,175,54,190

34,1703,50,43,7,-1,-1,-1.00,0.25,0.34,10.31,-0.07,-0.05,-0.02,22.04,174,55,191

35,1753,50,43,7,-1,-1,-1.00,0.16,0.39,10.45,-0.04,-0.02,-0.00,22.04,176,50,187

36,1803,50,43,7,-1,-1,-1.00,0.24,0.36,10.31,-0.08,-0.06,-0.02,22.04,174,55,189

37,1853,50,43,7,-1,-1,-1.00,0.21,0.41,10.36,-0.03,-0.03,-0.02,22.04,174,55,191

38,1903,50,43,7,-1,-1,-1.00,0.05,0.30,10.31,-0.08,-0.05,-0.04,22.06,177,54,187

39,1953,50,43,7,-1,-1,-1.00,0.26,0.54,10.35,-0.05,-0.03,-0.02,22.05,176,53,187

40,2003,50,43,7,-1,-1,-1.00,0.25,0.35,10.32,-0.07,-0.05,-0.02,22.05,170,52,183

41,2053,50,43,7,-1,-1,-1.00,0.15,0.44,10.45,-0.06,-0.04,-0.02,22.05,176,51,192

42,2103,50,43,7,-1,-1,-1.00,0.25,0.34,10.31,-0.07,-0.05,-0.02,22.04,174,55,191

43,2153,50,43,7,-1,-1,-1.00,0.05,0.43,10.25,-0.05,-0.04,-0.01,22.05,179,50,197

44,2203,50,43,7,-1,-1,-1.00,0.26,0.34,10.30,-0.08,-0.05,-0.02,22.04,172,50,189

45,2253,50,43,7,-1,-1,-1.00,0.05,0.48,10.30,-0.05,-0.03,-0.02,22.04,176,56,193

46,2303,50,43,7,-1,-1,-1.00,0.26,0.35,10.31,-0.08,-0.05,-0.02,22.05,176,55,184

47,2354,49,42,8,-1,-1,-1.00,0.19,0.41,10.36,-0.04,-0.03,-0.02,22.06,175,53,194

48,2402,50,43,7,-1,-1,-1.00,0.26,0.37,10.33,-0.09,-0.07,-0.04,22.05,176,51,194

49,2452,50,43,7,-1,-1,-1.00,0.04,0.40,10.37,-0.06,-0.04,-0.01,22.05,176,53,194

50,2502,50,43,7,-1,-1,-1.00,0.24,0.35,10.31,-0.07,-0.05,-0.02,22.05,175,55,188

51,2552,50,43,7,-1,-1,-1.00,0.22,0.53,10.33,-0.04,-0.03,-0.02,22.05,184,52,189

52,2602,50,43,7,-1,-1,-1.00,0.25,0.35,10.32,-0.08,-0.05,-0.02,22.06,172,49,187

53,2652,50,43,7,-1,-1,-1.00,0.17,0.43,10.44,-0.05,-0.04,-0.02,22.06,177,54,192

54,2702,50,43,7,-1,-1,-1.00,0.26,0.34,10.30,-0.07,-0.05,-0.02,22.06,173,55,190

55,2752,50,43,7,-1,-1,-1.00,0.07,0.39,10.49,-0.04,-0.03,-0.00,22.06,182,55,189

56,2802,50,43,7,-1,-1,-1.00,0.24,0.34,10.30,-0.09,-0.06,-0.02,22.06,177,54,189

57,2852,50,43,7,-1,-1,-1.00,0.16,0.43,10.42,-0.05,-0.04,-0.02,22.06,178,50,194

58,2902,50,43,7,-1,-1,-1.00,0.24,0.35,10.31,-0.08,-0.05,-0.02,22.07,175,55,190

59,2952,50,43,7,-1,-1,-1.00,0.07,0.40,10.51,-0.04,-0.03,-0.00,22.05,173,52,189

60,3002,50,43,7,-1,-1,-1.00,0.25,0.34,10.31,-0.09,-0.06,-0.02,22.05,176,48,182

61,3052,50,43,7,-1,-1,-1.00,0.16,0.42,10.42,-0.05,-0.04,-0.02,22.05,181,54,185

62,3102,50,43,7,-1,-1,-1.00,0.25,0.34,10.30,-0.08,-0.05,-0.02,22.06,173,53,193

63,3152,50,43,7,-1,-1,-1.00,0.00,0.43,10.39,-0.05,-0.04,-0.01,22.06,179,52,194

64,3202,50,43,7,-1,-1,-1.00,0.26,0.32,10.30,-0.08,-0.06,-0.02,22.06,174,50,192

65,3252,50,43,7,-1,-1,-1.00,0.16,0.43,10.44,-0.05,-0.04,-0.02,22.07,178,50,188

66,3302,50,43,7,-1,-1,-1.00,0.25,0.34,10.29,-0.08,-0.05,-0.02,22.05,181,55,191

67,3352,50,43,7,-1,-1,-1.00,-0.00,0.44,10.42,-0.05,-0.04,-0.01,22.06,177,56,190

68,3402,50,43,7,-1,-1,-1.00,0.25,0.33,10.30,-0.08,-0.06,-0.02,22.07,174,51,190

69,3452,50,43,7,-1,-1,-1.00,0.17,0.41,10.43,-0.05,-0.04,-0.02,22.06,182,54,185

70,3503,49,42,8,-1,-1,-1.00,0.25,0.34,10.33,-0.07,-0.05,-0.02,22.07,174,57,192

71,3551,50,43,7,-1,-1,-1.00,0.22,0.41,10.40,-0.05,-0.05,-0.02,22.06,181,52,184

72,3601,50,43,7,-1,-1,-1.00,0.24,0.36,10.32,-0.07,-0.05,-0.02,22.07,173,53,188

73,3651,50,43,7,-1,-1,-1.00,0.01,0.44,10.38,-0.06,-0.04,-0.01,22.06,173,51,194

74,3701,50,43,7,-1,-1,-1.00,0.25,0.33,10.31,-0.08,-0.05,-0.02,22.06,183,52,185

75,3751,50,43,7,-1,-1,-1.00,0.17,0.41,10.43,-0.05,-0.04,-0.02,22.07,178,57,188

76,3801,50,43,7,-1,-1,-1.00,0.26,0.35,10.31,-0.07,-0.05,-0.02,22.06,175,52,191

77,3851,50,43,7,-1,-1,-1.00,0.01,0.42,10.27,-0.06,-0.04,-0.01,22.06,177,50,189

78,3901,50,43,7,-1,-1,-1.00,0.26,0.34,10.31,-0.08,-0.05,-0.02,22.06,176,55,192

79,3951,50,43,7,-1,-1,-1.00,0.02,0.44,10.37,-0.05,-0.04,-0.01,22.06,178,53,191

80,4001,50,43,7,-1,-1,-1.00,0.26,0.33,10.32,-0.08,-0.06,-0.02,22.06,174,52,185

81,4051,50,43,7,-1,-1,-1.00,0.17,0.43,10.44,-0.05,-0.04,-0.02,22.06,173,54,189

82,4101,50,43,7,-1,-1,-1.00,0.26,0.36,10.32,-0.08,-0.05,-0.02,22.06,173,53,194

83,4151,50,43,7,-1,-1,-1.00,0.62,0.55,10.42,-0.03,-0.03,-0.02,22.07,178,53,191

84,4201,50,43,7,-1,-1,-1.00,0.24,0.34,10.29,-0.09,-0.06,-0.02,22.07,172,52,186

85,4251,50,43,7,-1,-1,-1.00,0.23,0.53,10.35,-0.04,-0.03,-0.02,22.07,173,49,189

86,4301,50,43,7,-1,-1,-1.00,0.26,0.34,10.30,-0.08,-0.05,-0.03,22.07,172,59,185

87,4351,50,43,7,-1,-1,-1.00,0.18,0.41,10.40,-0.05,-0.04,-0.02,22.06,173,55,194

88,4401,50,43,7,-1,-1,-1.00,0.26,0.34,10.31,-0.08,-0.05,-0.02,22.07,177,52,189

89,4451,50,43,7,-1,-1,-1.00,0.29,0.38,10.40,-0.03,-0.02,-0.00,22.07,181,56,191

90,4501,50,43,7,-1,-1,-1.00,0.24,0.35,10.32,-0.09,-0.06,-0.02,22.07,172,53,187

91,4551,50,43,7,-1,-1,-1.00,0.19,0.36,10.46,-0.03,-0.02,-0.00,22.08,175,54,189

92,4601,50,43,7,-1,-1,-1.00,0.25,0.35,10.32,-0.09,-0.06,-0.02,22.08,175,56,193

93,4651,50,43,7,-1,-1,-1.00,0.13,0.50,10.35,-0.04,-0.03,-0.02,22.07,175,54,193

94,4701,50,43,7,-1,-1,-1.00,0.25,0.36,10.33,-0.08,-0.05,-0.03,22.07,178,49,189

95,4751,50,43,7,-1,-1,-1.00,0.23,0.52,10.39,-0.05,-0.03,-0.02,22.07,177,51,184

96,4801,50,43,7,-1,-1,-1.00,0.26,0.35,10.31,-0.08,-0.05,-0.02,22.07,175,57,192

97,4851,50,43,7,-1,-1,-1.00,0.21,0.53,10.40,-0.05,-0.03,-0.02,22.07,176,55,187

98,4901,50,43,7,-1,-1,-1.00,0.26,0.33,10.30,-0.08,-0.05,-0.02,22.06,175,55,195

99,4951,50,43,7,-1,-1,-1.00,0.22,0.53,10.33,-0.05,-0.03,-0.02,22.07,173,51,188

100,43322,49,43,7,-1,-1,-1.00,0.23,0.40,10.34,-0.06,-0.04,-0.02,22.07,173,52,191

101,43372,50,43,7,-1,-1,-1.00,0.03,0.39,10.36,-0.07,-0.05,-0.01,22.08,172,52,193

102,43422,50,43,7,-1,-1,-1.00,0.24,0.34,10.33,-0.07,-0.05,-0.02,22.07,173,56,190

103,43472,50,43,7,-1,-1,-1.00,0.21,0.50,10.40,-0.05,-0.04,-0.02,22.07,173,53,189

104,43522,50,43,7,-1,-1,-1.00,0.24,0.34,10.31,-0.07,-0.05,-0.02,22.08,175,56,191

105,43572,50,43,7,-1,-1,-1.00,0.15,0.51,10.36,-0.05,-0.03,-0.02,22.08,174,53,189

106,43622,50,43,7,-1,-1,-1.00,0.26,0.34,10.32,-0.08,-0.05,-0.02,22.09,180,53,188

107,43672,50,43,7,-1,-1,-1.00,0.21,0.48,10.40,-0.05,-0.03,-0.02,22.09,177,55,186

108,43722,51,43,7,-1,-1,-1.00,0.24,0.34,10.31,-0.08,-0.05,-0.02,22.09,171,55,187

109,43774,49,42,8,-1,-1,-1.00,0.07,0.48,10.33,-0.05,-0.04,-0.01,22.08,177,56,192

110,43823,49,42,8,-1,-1,-1.00,0.28,0.34,10.31,-0.07,-0.05,-0.02,22.07,176,50,189

111,43871,50,43,7,-1,-1,-1.00,0.20,0.39,10.35,-0.05,-0.04,-0.02,22.08,179,52,192

112,43921,50,43,7,-1,-1,-1.00,0.24,0.36,10.34,-0.07,-0.05,-0.03,22.08,175,55,192

113,43971,50,43,7,-1,-1,-1.00,0.01,0.41,10.52,-0.05,-0.03,-0.00,22.08,174,57,195

114,44021,50,43,7,-1,-1,-1.00,0.23,0.33,10.31,-0.08,-0.05,-0.02,22.07,172,56,190

115,44071,50,43,7,-1,-1,-1.00,0.16,0.42,10.45,-0.05,-0.04,-0.02,22.07,180,55,189

116,44121,50,43,7,-1,-1,-1.00,0.26,0.34,10.31,-0.07,-0.05,-0.02,22.08,172,56,193

117,44171,50,43,7,-1,-1,-1.00,0.02,0.41,10.27,-0.06,-0.04,-0.01,22.09,174,53,190

118,44221,50,43,7,-1,-1,-1.00,0.25,0.34,10.31,-0.08,-0.05,-0.02,22.08,174,53,192

119,44271,50,43,7,-1,-1,-1.00,0.01,0.41,10.33,-0.05,-0.04,-0.01,22.08,174,53,195

120,44321,50,43,7,-1,-1,-1.00,0.25,0.33,10.32,-0.08,-0.05,-0.02,22.07,170,54,191

121,44371,50,43,7,-1,-1,-1.00,0.18,0.45,10.41,-0.05,-0.04,-0.02,22.09,179,53,195

122,44421,50,43,7,-1,-1,-1.00,0.25,0.33,10.31,-0.08,-0.05,-0.02,22.08,174,52,190

123,44471,50,43,7,-1,-1,-1.00,0.02,0.41,10.31,-0.06,-0.04,-0.01,22.07,179,53,186

124,44521,50,43,7,-1,-1,-1.00,0.25,0.33,10.32,-0.08,-0.06,-0.02,22.07,171,55,186

125,44571,50,43,7,-1,-1,-1.00,0.23,0.53,10.39,-0.05,-0.03,-0.02,22.09,178,52,190

126,44621,50,43,7,-1,-1,-1.00,0.25,0.34,10.31,-0.08,-0.05,-0.02,22.09,175,55,188

127,44671,50,43,7,-1,-1,-1.00,0.16,0.41,10.42,-0.05,-0.04,-0.02,22.09,173,52,188

128,44721,50,43,7,-1,-1,-1.00,0.25,0.34,10.31,-0.07,-0.05,-0.02,22.09,172,57,188

129,44771,50,43,7,-1,-1,-1.00,-0.02,0.44,10.52,-0.05,-0.04,-0.00,22.09,178,52,189

130,44821,50,43,7,-1,-1,-1.00,0.20,0.29,10.26,-0.08,-0.06,-0.02,22.09,171,53,192

131,44871,50,43,7,-1,-1,-1.00,0.17,0.44,10.45,-0.05,-0.04,-0.02,22.09,176,55,193

132,44921,50,43,7,-1,-1,-1.00,0.24,0.35,10.31,-0.07,-0.05,-0.02,22.10,171,54,194

133,44971,50,43,7,-1,-1,-1.00,0.13,0.36,10.49,-0.04,-0.02,-0.00,22.10,180,57,189

134,45022,49,42,8,-1,-1,-1.00,0.26,0.33,10.30,-0.08,-0.06,-0.02,22.09,172,56,183

135,45070,50,43,7,-1,-1,-1.00,0.12,0.36,10.46,-0.03,-0.02,-0.00,22.10,174,55,186

136,45120,50,43,7,-1,-1,-1.00,0.24,0.35,10.32,-0.09,-0.06,-0.02,22.10,175,57,196

137,45170,50,43,7,-1,-1,-1.00,0.20,0.52,10.33,-0.04,-0.03,-0.02,22.09,180,53,190

138,45220,50,43,7,-1,-1,-1.00,0.25,0.34,10.30,-0.08,-0.05,-0.03,22.10,177,54,195

139,45270,50,43,7,-1,-1,-1.00,0.17,0.43,10.40,-0.05,-0.04,-0.02,22.10,169,52,197

140,45320,50,43,7,-1,-1,-1.00,0.25,0.35,10.31,-0.08,-0.05,-0.02,22.09,176,59,190

141,45370,50,43,7,-1,-1,-1.00,-0.02,0.44,10.54,-0.05,-0.03,-0.00,22.10,179,56,192

142,45420,50,43,7,-1,-1,-1.00,0.23,0.32,10.30,-0.08,-0.06,-0.02,22.10,175,59,190

143,45470,50,43,7,-1,-1,-1.00,0.17,0.43,10.45,-0.05,-0.04,-0.02,22.10,175,55,196

144,45520,50,43,7,-1,-1,-1.00,0.24,0.34,10.30,-0.07,-0.05,-0.02,22.10,177,54,191

145,45570,50,43,7,-1,-1,-1.00,0.01,0.41,10.28,-0.06,-0.04,-0.01,22.11,176,55,193

146,45620,50,43,7,-1,-1,-1.00,0.25,0.33,10.30,-0.08,-0.05,-0.02,22.11,174,49,193

147,45670,50,43,7,-1,-1,-1.00,0.09,0.50,10.36,-0.04,-0.03,-0.02,22.10,172,57,191

148,45720,50,43,7,-1,-1,-1.00,0.25,0.34,10.32,-0.08,-0.05,-0.02,22.11,177,54,194

149,45770,50,43,7,-1,-1,-1.00,0.01,0.41,10.28,-0.05,-0.04,-0.01,22.10,176,54,188

150,45820,50,43,7,-1,-1,-1.00,0.26,0.34,10.30,-0.08,-0.05,-0.02,22.09,171,51,190

151,45870,50,43,7,-1,-1,-1.00,0.08,0.50,10.35,-0.04,-0.03,-0.02,22.11,176,61,185

152,45920,50,43,7,-1,-1,-1.00,0.26,0.35,10.32,-0.08,-0.05,-0.02,22.11,174,56,183

153,45970,50,43,7,-1,-1,-1.00,0.02,0.42,10.54,-0.04,-0.03,-0.00,22.10,186,59,193

154,46020,50,43,7,-1,-1,-1.00,0.24,0.33,10.32,-0.09,-0.06,-0.02,22.11,170,55,191

155,46070,50,43,7,-1,-1,-1.00,0.15,0.41,10.43,-0.05,-0.04,-0.02,22.11,177,55,188

156,46127,49,36,14,-1,-1,-1.00,0.24,0.35,10.32,-0.07,-0.05,-0.02,22.10,175,53,186

157,46170,49,42,8,-1,-1,-1.00,0.03,0.40,10.32,-0.05,-0.04,-0.01,22.11,175,55,193

158,46218,50,43,7,-1,-1,-1.00,0.25,0.33,10.31,-0.08,-0.06,-0.02,22.11,174,55,188

159,46268,50,43,7,-1,-1,-1.00,0.22,0.51,10.38,-0.05,-0.03,-0.02,22.11,180,52,190

160,46318,50,43,7,-1,-1,-1.00,0.25,0.34,10.31,-0.08,-0.05,-0.02,22.12,173,52,187

161,46368,50,43,7,-1,-1,-1.00,0.16,0.41,10.42,-0.05,-0.04,-0.02,22.11,176,54,192

162,46418,50,43,7,-1,-1,-1.00,0.25,0.34,10.30,-0.07,-0.05,-0.02,22.11,179,54,192

163,46468,50,43,7,-1,-1,-1.00,0.27,0.36,10.40,-0.04,-0.02,-0.00,22.11,182,53,190

164,46518,50,43,7,-1,-1,-1.00,0.25,0.35,10.32,-0.09,-0.06,-0.02,22.11,172,54,193

165,46568,50,43,7,-1,-1,-1.00,0.65,0.50,10.36,-0.03,-0.03,-0.01,22.11,169,55,189

166,46618,50,43,7,-1,-1,-1.00,0.23,0.35,10.31,-0.09,-0.06,-0.02,22.12,171,53,189

167,46668,50,43,7,-1,-1,-1.00,0.03,0.40,10.31,-0.05,-0.04,-0.01,22.11,180,56,192

168,46718,50,43,7,-1,-1,-1.00,0.24,0.34,10.31,-0.08,-0.06,-0.02,22.10,175,52,192

169,46768,50,43,7,-1,-1,-1.00,0.22,0.52,10.40,-0.05,-0.03,-0.02,22.11,177,56,193

170,46818,50,43,7,-1,-1,-1.00,0.25,0.34,10.30,-0.08,-0.05,-0.02,22.11,176,58,185

171,46868,50,43,7,-1,-1,-1.00,0.16,0.41,10.41,-0.05,-0.04,-0.02,22.11,173,57,190

172,46918,50,43,7,-1,-1,-1.00,0.26,0.34,10.30,-0.07,-0.05,-0.02,22.12,171,58,188

173,46968,50,43,7,-1,-1,-1.00,0.00,0.42,10.53,-0.04,-0.03,-0.00,22.12,172,56,192

174,47018,50,43,7,-1,-1,-1.00,0.24,0.33,10.30,-0.09,-0.06,-0.02,22.11,170,53,184

175,47068,50,43,7,-1,-1,-1.00,0.17,0.39,10.41,-0.05,-0.04,-0.02,22.11,174,50,192

176,47118,50,43,7,-1,-1,-1.00,0.25,0.34,10.32,-0.07,-0.05,-0.02,22.11,176,55,192

177,47168,50,43,7,-1,-1,-1.00,0.05,0.41,10.26,-0.05,-0.04,-0.01,22.11,180,55,189

178,47218,50,43,7,-1,-1,-1.00,0.25,0.34,10.31,-0.08,-0.05,-0.02,22.11,172,55,188

179,47269,50,42,8,-1,-1,-1.00,0.03,0.43,10.42,-0.05,-0.04,-0.01,22.11,175,57,186

180,47318,50,43,7,-1,-1,-1.00,0.25,0.34,10.32,-0.08,-0.06,-0.02,22.11,176,57,190

181,47368,50,43,7,-1,-1,-1.00,0.25,0.42,10.36,-0.03,-0.03,-0.02,22.12,176,57,190

182,47418,50,43,7,-1,-1,-1.00,0.24,0.33,10.30,-0.09,-0.06,-0.02,22.12,181,48,197

183,47468,50,43,7,-1,-1,-1.00,0.17,0.42,10.43,-0.05,-0.04,-0.02,22.12,179,52,193

184,47518,50,43,7,-1,-1,-1.00,0.25,0.35,10.29,-0.07,-0.05,-0.02,22.11,170,52,193

185,47568,50,43,7,-1,-1,-1.00,0.01,0.42,10.52,-0.04,-0.03,-0.00,22.12,173,55,195

186,47618,50,43,7,-1,-1,-1.00,0.24,0.33,10.28,-0.08,-0.06,-0.02,22.11,177,56,193

187,47668,50,43,7,-1,-1,-1.00,0.17,0.40,10.42,-0.05,-0.04,-0.02,22.12,182,56,194

188,47718,50,43,7,-1,-1,-1.00,0.25,0.35,10.30,-0.07,-0.05,-0.02,22.11,175,57,189

189,47768,50,43,7,-1,-1,-1.00,0.02,0.42,10.36,-0.06,-0.04,-0.01,22.11,172,54,193

190,47818,50,43,7,-1,-1,-1.00,0.25,0.32,10.30,-0.08,-0.05,-0.02,22.11,176,53,185

191,47868,50,43,7,-1,-1,-1.00,0.17,0.40,10.43,-0.05,-0.04,-0.02,22.12,176,54,191

192,47918,50,43,7,-1,-1,-1.00,0.25,0.33,10.32,-0.07,-0.05,-0.02,22.12,172,57,189

193,47968,50,43,7,-1,-1,-1.00,-0.01,0.44,10.50,-0.05,-0.04,-0.01,22.11,174,55,188

194,48018,50,43,7,-1,-1,-1.00,0.18,0.29,10.23,-0.08,-0.06,-0.02,22.11,167,53,188

195,48068,50,43,7,-1,-1,-1.00,0.17,0.45,10.45,-0.05,-0.04,-0.02,22.12,179,57,194

196,48118,50,43,7,-1,-1,-1.00,0.25,0.35,10.32,-0.07,-0.05,-0.02,22.11,174,51,191

197,48168,50,43,7,-1,-1,-1.00,0.20,0.36,10.43,-0.04,-0.02,-0.00,22.12,169,54,188

198,48218,50,43,7,-1,-1,-1.00,0.24,0.34,10.31,-0.08,-0.06,-0.02,22.12,172,57,186

199,48268,50,43,7,-1,-1,-1.00,0.48,0.40,10.41,-0.03,-0.02,-0.01,22.12,178,50,190

200,48551,49,43,7,-1,-1,-1.00,0.22,0.38,10.34,-0.06,-0.04,-0.02,22.12,177,57,181

201,48600,50,43,7,-1,-1,-1.00,-0.00,0.41,10.41,-0.07,-0.05,-0.01,22.12,171,53,190

202,48650,50,43,7,-1,-1,-1.00,0.24,0.33,10.32,-0.07,-0.05,-0.02,22.12,173,56,185

203,48700,50,43,7,-1,-1,-1.00,0.17,0.40,10.43,-0.05,-0.04,-0.02,22.12,177,54,193

204,48750,50,43,7,-1,-1,-1.00,0.26,0.33,10.30,-0.07,-0.05,-0.02,22.12,179,52,193

205,48800,50,43,7,-1,-1,-1.00,0.20,0.36,10.46,-0.04,-0.02,-0.00,22.11,178,52,188

206,48850,50,43,7,-1,-1,-1.00,0.24,0.35,10.31,-0.08,-0.06,-0.02,22.12,172,53,194

207,48900,50,43,7,-1,-1,-1.00,0.63,0.49,10.36,-0.03,-0.03,-0.01,22.11,175,59,185

208,48950,50,43,7,-1,-1,-1.00,0.24,0.34,10.30,-0.09,-0.06,-0.02,22.12,173,57,194

209,49000,50,43,7,-1,-1,-1.00,0.02,0.43,10.38,-0.05,-0.04,-0.01,22.12,184,53,191

210,49050,50,43,7,-1,-1,-1.00,0.24,0.32,10.29,-0.08,-0.05,-0.02,22.12,173,54,183

211,49100,50,43,7,-1,-1,-1.00,0.18,0.42,10.43,-0.05,-0.04,-0.02,22.12,173,52,192

212,49150,50,43,7,-1,-1,-1.00,0.25,0.34,10.31,-0.07,-0.05,-0.02,22.12,173,53,190

213,49200,50,43,7,-1,-1,-1.00,0.07,0.40,10.49,-0.04,-0.03,-0.00,22.12,178,54,198

214,49250,50,43,7,-1,-1,-1.00,0.25,0.33,10.31,-0.08,-0.06,-0.02,22.11,174,57,180

215,49300,50,43,7,-1,-1,-1.00,0.24,0.53,10.37,-0.04,-0.03,-0.02,22.12,177,52,187

216,49350,55,43,7,-1,-1,-1.00,0.25,0.34,10.32,-0.08,-0.05,-0.02,22.11,174,56,197

217,49406,49,42,8,-1,-1,-1.00,0.19,0.37,10.37,-0.07,-0.05,-0.02,22.11,175,52,189

218,49454,50,43,7,-1,-1,-1.00,0.23,0.33,10.31,-0.07,-0.05,-0.02,22.12,170,58,190

219,49504,50,43,7,-1,-1,-1.00,0.06,0.39,10.52,-0.04,-0.03,-0.00,22.11,180,57,194

220,49554,50,43,7,-1,-1,-1.00,0.26,0.33,10.31,-0.08,-0.06,-0.02,22.12,171,55,183

221,49604,50,43,7,-1,-1,-1.00,0.22,0.49,10.41,-0.05,-0.03,-0.02,22.12,175,55,190

222,49654,50,43,7,-1,-1,-1.00,0.24,0.34,10.32,-0.08,-0.05,-0.02,22.11,172,56,191

223,49704,50,43,7,-1,-1,-1.00,0.21,0.50,10.39,-0.05,-0.03,-0.02,22.12,174,53,190

224,49754,50,43,7,-1,-1,-1.00,0.26,0.33,10.30,-0.08,-0.05,-0.02,22.11,172,55,193

225,49804,50,43,7,-1,-1,-1.00,0.18,0.42,10.42,-0.05,-0.04,-0.02,22.12,182,55,189

226,49854,50,43,7,-1,-1,-1.00,0.26,0.33,10.30,-0.08,-0.05,-0.02,22.13,174,54,191

227,49904,50,43,7,-1,-1,-1.00,0.02,0.41,10.33,-0.06,-0.04,-0.01,22.13,171,51,190

228,49954,50,43,7,-1,-1,-1.00,0.25,0.32,10.33,-0.08,-0.06,-0.02,22.12,177,55,190

229,50004,50,43,7,-1,-1,-1.00,0.17,0.43,10.43,-0.05,-0.04,-0.02,22.13,175,51,193

230,50054,50,43,7,-1,-1,-1.00,0.25,0.34,10.30,-0.08,-0.05,-0.02,22.13,181,56,186

231,50104,50,43,7,-1,-1,-1.00,-0.03,0.44,10.48,-0.05,-0.04,-0.01,22.12,180,58,198

232,50154,50,43,7,-1,-1,-1.00,0.18,0.28,10.25,-0.08,-0.06,-0.02,22.13,173,52,191

233,50204,50,43,7,-1,-1,-1.00,0.18,0.44,10.44,-0.05,-0.04,-0.02,22.13,177,55,186

234,50254,50,43,7,-1,-1,-1.00,0.25,0.34,10.30,-0.07,-0.05,-0.02,22.13,176,55,189

235,50304,50,43,7,-1,-1,-1.00,0.05,0.39,10.51,-0.04,-0.03,-0.00,22.12,174,55,198

236,50354,50,43,7,-1,-1,-1.00,0.25,0.33,10.29,-0.08,-0.06,-0.02,22.13,171,53,190

237,50404,50,43,7,-1,-1,-1.00,0.21,0.50,10.41,-0.05,-0.03,-0.02,22.12,173,54,199

238,50454,50,43,7,-1,-1,-1.00,0.25,0.32,10.30,-0.08,-0.05,-0.02,22.13,176,57,190

239,50504,50,43,7,-1,-1,-1.00,0.22,0.51,10.40,-0.05,-0.03,-0.02,22.12,174,51,196

240,50555,50,42,8,-1,-1,-1.00,0.28,0.34,10.30,-0.07,-0.05,-0.02,22.13,172,52,191

241,50604,50,43,7,-1,-1,-1.00,0.02,0.41,10.31,-0.06,-0.04,-0.01,22.12,178,57,190

242,50654,50,43,7,-1,-1,-1.00,0.25,0.32,10.31,-0.08,-0.05,-0.02,22.12,173,53,190

243,50704,50,43,7,-1,-1,-1.00,0.22,0.54,10.36,-0.05,-0.03,-0.02,22.12,171,55,192

244,50754,50,43,7,-1,-1,-1.00,0.26,0.34,10.32,-0.08,-0.05,-0.02,22.13,172,51,190

245,50804,50,43,7,-1,-1,-1.00,0.17,0.39,10.42,-0.05,-0.04,-0.02,22.12,182,54,187

246,50854,50,43,7,-1,-1,-1.00,0.25,0.33,10.30,-0.07,-0.05,-0.02,22.12,170,55,192

247,50904,50,43,7,-1,-1,-1.00,0.05,0.39,10.50,-0.04,-0.03,-0.00,22.13,173,54,187

248,50954,50,43,7,-1,-1,-1.00,0.25,0.32,10.30,-0.08,-0.06,-0.02,22.13,169,54,192

249,51004,50,43,7,-1,-1,-1.00,0.22,0.48,10.40,-0.05,-0.03,-0.02,22.12,176,55,193

250,51054,50,43,7,-1,-1,-1.00,0.25,0.34,10.31,-0.08,-0.05,-0.02,22.13,174,56,188

251,51104,50,43,7,-1,-1,-1.00,0.23,0.54,10.41,-0.05,-0.04,-0.02,22.13,175,52,195

252,51154,50,43,7,-1,-1,-1.00,0.25,0.34,10.31,-0.08,-0.05,-0.02,22.12,169,57,193

253,51204,50,43,7,-1,-1,-1.00,0.17,0.40,10.41,-0.06,-0.04,-0.02,22.12,177,54,193

254,51254,50,43,7,-1,-1,-1.00,0.26,0.32,10.30,-0.07,-0.05,-0.02,22.13,173,59,188

255,51304,50,43,7,-1,-1,-1.00,0.12,0.34,10.47,-0.04,-0.02,-0.00,22.13,184,53,187

256,51354,50,43,7,-1,-1,-1.00,0.26,0.33,10.30,-0.08,-0.06,-0.02,22.13,172,51,187

257,51404,50,43,7,-1,-1,-1.00,-0.02,0.45,10.47,-0.05,-0.04,-0.01,22.14,184,55,187

258,51454,50,43,7,-1,-1,-1.00,0.23,0.30,10.28,-0.08,-0.05,-0.02,22.13,169,53,190

259,51504,50,43,7,-1,-1,-1.00,0.18,0.41,10.43,-0.06,-0.04,-0.02,22.12,179,56,186

260,51554,50,43,7,-1,-1,-1.00,0.25,0.33,10.30,-0.07,-0.05,-0.02,22.12,176,56,188

261,51604,54,43,7,-1,-1,-1.00,0.16,0.36,10.45,-0.04,-0.02,-0.00,22.13,182,55,196

262,51659,49,42,8,-1,-1,-1.00,0.26,0.32,10.30,-0.07,-0.05,-0.02,22.14,166,58,190

263,51707,50,43,7,-1,-1,-1.00,0.14,0.52,10.34,-0.05,-0.03,-0.02,22.13,170,57,193

264,51757,50,43,7,-1,-1,-1.00,0.26,0.34,10.32,-0.08,-0.05,-0.03,22.13,172,57,187

265,51807,50,43,7,-1,-1,-1.00,0.06,0.45,10.26,-0.05,-0.03,-0.01,22.13,179,56,195

266,51857,50,43,7,-1,-1,-1.00,0.27,0.33,10.32,-0.08,-0.05,-0.02,22.14,174,57,191

267,51907,50,43,7,-1,-1,-1.00,0.21,0.34,10.44,-0.04,-0.02,-0.00,22.14,171,53,190

268,51957,50,43,7,-1,-1,-1.00,0.24,0.33,10.29,-0.08,-0.05,-0.02,22.14,169,54,191

269,52007,50,43,7,-1,-1,-1.00,0.20,0.41,10.37,-0.04,-0.03,-0.02,22.14,175,56,193

270,52057,50,43,7,-1,-1,-1.00,0.16,0.32,10.32,-0.08,-0.06,-0.04,22.13,169,48,185

271,52107,50,43,7,-1,-1,-1.00,0.10,0.45,10.26,-0.06,-0.04,-0.02,22.13,175,55,187

272,52157,50,43,7,-1,-1,-1.00,0.26,0.33,10.30,-0.07,-0.05,-0.02,22.14,169,52,188

273,52207,50,43,7,-1,-1,-1.00,-0.00,0.44,10.45,-0.06,-0.05,-0.01,22.14,178,55,190

274,52257,50,43,7,-1,-1,-1.00,0.19,0.26,10.24,-0.08,-0.05,-0.02,22.14,169,57,195

275,52307,50,43,7,-1,-1,-1.00,0.19,0.42,10.44,-0.06,-0.04,-0.02,22.14,174,54,194

276,52357,50,43,7,-1,-1,-1.00,0.26,0.31,10.31,-0.07,-0.05,-0.02,22.12,169,53,189

277,52407,50,43,7,-1,-1,-1.00,0.02,0.39,10.54,-0.05,-0.04,-0.00,22.14,178,53,191

278,52457,50,43,7,-1,-1,-1.00,0.26,0.30,10.30,-0.08,-0.05,-0.02,22.13,170,51,195

279,52507,50,43,7,-1,-1,-1.00,0.19,0.42,10.41,-0.05,-0.04,-0.02,22.13,177,53,188

280,52557,50,43,7,-1,-1,-1.00,0.25,0.32,10.30,-0.07,-0.05,-0.02,22.14,175,54,189

281,52607,50,43,7,-1,-1,-1.00,0.05,0.47,10.30,-0.05,-0.04,-0.02,22.14,181,54,195

282,52657,50,43,7,-1,-1,-1.00,0.25,0.34,10.31,-0.07,-0.05,-0.02,22.13,168,56,193

283,52707,50,43,7,-1,-1,-1.00,0.38,0.45,10.38,-0.04,-0.03,-0.02,22.14,175,55,191

284,52757,50,43,7,-1,-1,-1.00,0.22,0.31,10.27,-0.08,-0.05,-0.02,22.14,172,52,185

285,52807,50,43,7,-1,-1,-1.00,0.18,0.42,10.42,-0.06,-0.04,-0.02,22.14,177,51,187

286,52857,50,43,7,-1,-1,-1.00,0.25,0.33,10.30,-0.07,-0.05,-0.02,22.14,169,56,182

287,52907,50,43,7,-1,-1,-1.00,0.12,0.35,10.48,-0.04,-0.03,-0.00,22.14,177,53,192

288,52957,50,43,7,-1,-1,-1.00,0.25,0.33,10.30,-0.08,-0.05,-0.02,22.14,169,53,193

289,53007,50,43,7,-1,-1,-1.00,0.00,0.43,10.54,-0.04,-0.03,-0.01,22.14,178,54,190

290,53057,50,43,7,-1,-1,-1.00,0.26,0.31,10.30,-0.08,-0.05,-0.02,22.14,173,50,189

291,53107,50,43,7,-1,-1,-1.00,0.19,0.40,10.42,-0.05,-0.04,-0.02,22.13,174,52,188

292,53157,50,43,7,-1,-1,-1.00,0.26,0.33,10.32,-0.07,-0.05,-0.02,22.13,173,54,194

293,53207,50,43,7,-1,-1,-1.00,-0.01,0.42,10.54,-0.05,-0.04,-0.00,22.15,180,54,190

294,53257,50,43,7,-1,-1,-1.00,0.27,0.31,10.29,-0.08,-0.05,-0.02,22.14,171,57,189

295,53307,50,43,7,-1,-1,-1.00,0.18,0.37,10.43,-0.05,-0.04,-0.02,22.14,171,55,183

296,53357,50,43,7,-1,-1,-1.00,0.26,0.33,10.32,-0.07,-0.05,-0.02,22.14,173,54,185

297,53407,50,43,7,-1,-1,-1.00,0.01,0.43,10.39,-0.06,-0.04,-0.01,22.14,178,55,187

298,53457,50,43,7,-1,-1,-1.00,0.22,0.29,10.27,-0.08,-0.05,-0.02,22.15,169,54,182

299,53507,50,43,7,-1,-1,-1.00,0.18,0.41,10.42,-0.06,-0.04,-0.02,22.15,176,57,189

300,53724,49,43,7,-1,-1,-1.00,0.23,0.39,10.34,-0.06,-0.04,-0.02,22.16,171,53,194

301,53773,50,43,7,-1,-1,-1.00,0.03,0.39,10.38,-0.07,-0.05,-0.01,22.15,171,56,189

302,53829,50,37,13,-1,-1,-1.00,0.25,0.33,10.31,-0.07,-0.05,-0.02,22.15,176,53,191

303,53874,49,42,8,-1,-1,-1.00,0.01,0.42,10.52,-0.05,-0.04,-0.01,22.16,176,53,187

304,53922,50,43,7,-1,-1,-1.00,0.24,0.31,10.30,-0.07,-0.05,-0.02,22.16,166,55,193

305,53972,50,43,7,-1,-1,-1.00,0.17,0.39,10.44,-0.06,-0.04,-0.02,22.15,180,46,195

306,54022,50,43,7,-1,-1,-1.00,0.27,0.33,10.32,-0.07,-0.05,-0.02,22.14,167,58,189

307,54072,50,43,7,-1,-1,-1.00,0.37,0.37,10.39,-0.04,-0.03,-0.01,22.15,177,55,184

308,54122,50,43,7,-1,-1,-1.00,0.24,0.33,10.33,-0.08,-0.05,-0.02,22.16,171,55,194

309,54172,50,43,7,-1,-1,-1.00,0.21,0.40,10.36,-0.04,-0.03,-0.02,22.15,173,58,191

310,54222,50,43,7,-1,-1,-1.00,0.36,0.34,10.25,-0.07,-0.05,-0.04,22.15,167,50,193

311,54272,50,43,7,-1,-1,-1.00,0.00,0.45,10.47,-0.06,-0.05,-0.01,22.15,175,53,194

312,54322,50,43,7,-1,-1,-1.00,0.25,0.31,10.30,-0.07,-0.05,-0.02,22.16,171,50,193

313,54372,50,43,7,-1,-1,-1.00,0.18,0.41,10.43,-0.06,-0.04,-0.02,22.16,182,53,191

314,54422,50,43,7,-1,-1,-1.00,0.26,0.32,10.30,-0.07,-0.05,-0.02,22.16,174,54,187

315,54472,50,43,7,-1,-1,-1.00,-0.01,0.42,10.53,-0.05,-0.04,-0.01,22.16,178,51,190

316,54522,50,43,7,-1,-1,-1.00,0.26,0.30,10.29,-0.08,-0.05,-0.02,22.16,173,57,186

317,54572,50,43,7,-1,-1,-1.00,0.18,0.38,10.43,-0.05,-0.04,-0.02,22.15,179,52,184

318,54622,50,43,7,-1,-1,-1.00,0.26,0.32,10.30,-0.07,-0.05,-0.02,22.15,170,51,190

319,54672,50,43,7,-1,-1,-1.00,0.05,0.39,10.52,-0.04,-0.03,-0.00,22.15,171,55,192

320,54722,50,43,7,-1,-1,-1.00,0.25,0.32,10.30,-0.08,-0.05,-0.02,22.16,170,55,196

321,54772,50,43,7,-1,-1,-1.00,0.22,0.54,10.40,-0.05,-0.03,-0.02,22.16,175,54,190

322,54822,50,43,7,-1,-1,-1.00,0.26,0.33,10.29,-0.08,-0.05,-0.02,22.16,171,54,200

323,54872,50,43,7,-1,-1,-1.00,0.19,0.44,10.41,-0.06,-0.04,-0.02,22.16,175,54,193

324,54922,50,43,7,-1,-1,-1.00,0.26,0.32,10.31,-0.07,-0.05,-0.02,22.16,175,49,197

325,54972,50,43,7,-1,-1,-1.00,0.24,0.54,10.38,-0.05,-0.04,-0.02,22.16,175,55,184

326,55022,50,43,7,-1,-1,-1.00,0.27,0.32,10.32,-0.07,-0.05,-0.02,22.15,170,54,194

327,55072,50,43,7,-1,-1,-1.00,0.17,0.40,10.44,-0.06,-0.04,-0.02,22.16,175,56,190

328,55122,50,43,7,-1,-1,-1.00,0.26,0.32,10.32,-0.07,-0.05,-0.02,22.16,172,54,193

329,55172,50,43,7,-1,-1,-1.00,0.02,0.41,10.54,-0.05,-0.04,-0.00,22.16,172,55,194

330,55222,50,43,7,-1,-1,-1.00,0.27,0.30,10.30,-0.08,-0.05,-0.02,22.15,172,55,189

331,55273,49,42,8,-1,-1,-1.00,0.18,0.40,10.42,-0.05,-0.04,-0.02,22.15,180,56,190

332,55322,49,42,8,-1,-1,-1.00,0.26,0.32,10.33,-0.07,-0.05,-0.02,22.15,171,56,189

333,55371,49,42,8,-1,-1,-1.00,0.50,0.47,10.38,-0.04,-0.03,-0.02,22.16,175,53,186

334,55419,50,43,7,-1,-1,-1.00,0.26,0.33,10.30,-0.08,-0.05,-0.02,22.15,175,51,185

335,55469,50,43,7,-1,-1,-1.00,0.17,0.40,10.43,-0.05,-0.04,-0.02,22.16,177,56,187

336,55519,50,43,7,-1,-1,-1.00,0.26,0.33,10.31,-0.07,-0.05,-0.02,22.16,172,55,191

337,55570,49,42,8,-1,-1,-1.00,0.18,0.35,10.46,-0.04,-0.02,-0.00,22.16,178,54,186

338,55618,50,43,7,-1,-1,-1.00,0.25,0.34,10.30,-0.08,-0.06,-0.02,22.16,170,55,193

339,55668,50,43,7,-1,-1,-1.00,0.59,0.55,10.42,-0.03,-0.03,-0.02,22.15,177,57,197

340,55718,50,43,7,-1,-1,-1.00,0.24,0.32,10.29,-0.08,-0.05,-0.02,22.17,167,53,194

341,55769,49,42,8,-1,-1,-1.00,0.19,0.39,10.43,-0.05,-0.04,-0.02,22.17,176,54,187

342,55817,50,43,7,-1,-1,-1.00,0.27,0.33,10.31,-0.07,-0.05,-0.02,22.17,175,55,191

343,55867,50,43,7,-1,-1,-1.00,0.01,0.41,10.54,-0.05,-0.04,-0.00,22.17,179,56,190

344,55917,50,43,7,-1,-1,-1.00,0.26,0.30,10.29,-0.08,-0.05,-0.02,22.17,172,54,191

345,55967,50,43,7,-1,-1,-1.00,0.18,0.40,10.43,-0.05,-0.04,-0.02,22.17,173,53,188

346,56017,50,43,7,-1,-1,-1.00,0.26,0.32,10.32,-0.07,-0.05,-0.02,22.17,171,53,194

347,56067,50,43,7,-1,-1,-1.00,0.21,0.34,10.44,-0.04,-0.02,-0.00,22.17,178,55,191

348,56117,50,43,7,-1,-1,-1.00,0.25,0.33,10.30,-0.08,-0.05,-0.02,22.17,170,51,184

349,56167,50,43,7,-1,-1,-1.00,0.19,0.40,10.35,-0.04,-0.03,-0.02,22.17,172,57,191

350,56217,50,43,7,-1,-1,-1.00,0.16,0.31,10.31,-0.08,-0.06,-0.04,22.17,174,56,191

351,56267,50,43,7,-1,-1,-1.00,0.08,0.42,10.24,-0.06,-0.04,-0.02,22.16,173,53,191

352,56317,50,43,7,-1,-1,-1.00,0.26,0.34,10.31,-0.07,-0.05,-0.02,22.17,172,54,190

353,56367,50,43,7,-1,-1,-1.00,0.63,0.57,10.45,-0.04,-0.04,-0.02,22.16,173,55,191

354,56417,50,43,7,-1,-1,-1.00,0.24,0.32,10.28,-0.08,-0.05,-0.02,22.16,175,54,187

355,56467,50,43,7,-1,-1,-1.00,0.17,0.43,10.45,-0.06,-0.04,-0.02,22.17,176,56,194

356,56517,50,43,7,-1,-1,-1.00,0.28,0.32,10.29,-0.07,-0.05,-0.02,22.16,170,55,189

357,56567,50,43,7,-1,-1,-1.00,0.11,0.35,10.47,-0.04,-0.03,-0.00,22.14,181,60,189

358,56617,50,43,7,-1,-1,-1.00,0.26,0.31,10.29,-0.08,-0.05,-0.02,22.17,171,57,187

359,56667,50,43,7,-1,-1,-1.00,0.01,0.43,10.54,-0.04,-0.03,-0.01,22.16,170,53,189

360,56717,50,43,7,-1,-1,-1.00,0.28,0.30,10.29,-0.08,-0.05,-0.02,22.16,169,60,194

361,56767,50,43,7,-1,-1,-1.00,0.18,0.38,10.43,-0.05,-0.04,-0.02,22.16,172,56,195

362,56817,50,43,7,-1,-1,-1.00,0.26,0.32,10.33,-0.07,-0.05,-0.02,22.17,171,52,189

363,56867,50,43,7,-1,-1,-1.00,0.23,0.38,10.36,-0.06,-0.04,-0.02,22.16,175,47,184

364,56917,50,43,7,-1,-1,-1.00,0.23,0.35,10.34,-0.07,-0.05,-0.02,22.15,173,53,190

365,56967,50,43,7,-1,-1,-1.00,0.10,0.35,10.47,-0.05,-0.03,-0.00,22.16,178,55,181

366,57017,50,43,7,-1,-1,-1.00,0.26,0.31,10.30,-0.07,-0.05,-0.02,22.17,172,57,188

367,57067,50,43,7,-1,-1,-1.00,0.16,0.44,10.42,-0.05,-0.04,-0.02,22.17,176,52,189

368,57117,50,43,7,-1,-1,-1.00,0.25,0.33,10.32,-0.07,-0.05,-0.02,22.16,173,54,195

369,57167,50,43,7,-1,-1,-1.00,0.62,0.49,10.37,-0.04,-0.03,-0.01,22.16,176,52,193

370,57217,50,43,7,-1,-1,-1.00,0.23,0.32,10.30,-0.08,-0.05,-0.02,22.15,173,53,190

371,57267,50,43,7,-1,-1,-1.00,0.62,0.57,10.44,-0.03,-0.03,-0.02,22.15,176,51,191

372,57317,50,43,7,-1,-1,-1.00,0.24,0.33,10.28,-0.08,-0.05,-0.02,22.17,170,53,187

373,57367,50,43,7,-1,-1,-1.00,0.06,0.47,10.33,-0.05,-0.03,-0.02,22.15,177,58,190

374,57417,50,43,7,-1,-1,-1.00,0.26,0.34,10.31,-0.08,-0.05,-0.02,22.15,165,54,196

375,57467,50,43,7,-1,-1,-1.00,0.26,0.36,10.41,-0.04,-0.02,-0.01,22.17,170,53,191

376,57517,50,43,7,-1,-1,-1.00,0.26,0.33,10.31,-0.08,-0.05,-0.02,22.16,167,53,191

377,57567,50,43,7,-1,-1,-1.00,0.05,0.41,10.55,-0.04,-0.03,-0.01,22.17,183,51,187

378,57617,50,43,7,-1,-1,-1.00,0.27,0.30,10.28,-0.08,-0.05,-0.02,22.16,170,56,190

379,57667,50,43,7,-1,-1,-1.00,0.16,0.42,10.44,-0.06,-0.04,-0.02,22.15,178,53,190

380,57717,50,43,7,-1,-1,-1.00,0.26,0.32,10.31,-0.07,-0.05,-0.02,22.17,168,52,193

381,57767,50,43,7,-1,-1,-1.00,0.02,0.42,10.36,-0.06,-0.04,-0.01,22.17,174,52,191

382,57817,50,43,7,-1,-1,-1.00,0.27,0.31,10.30,-0.07,-0.05,-0.02,22.18,171,52,191

383,57867,50,43,7,-1,-1,-1.00,0.22,0.53,10.41,-0.05,-0.04,-0.02,22.18,183,57,186

384,57917,50,43,7,-1,-1,-1.00,0.27,0.33,10.30,-0.07,-0.05,-0.02,22.17,172,58,187

385,57967,50,43,7,-1,-1,-1.00,0.23,0.54,10.41,-0.05,-0.04,-0.02,22.17,176,54,190

386,58017,50,43,7,-1,-1,-1.00,0.26,0.33,10.30,-0.07,-0.05,-0.02,22.17,167,58,187

387,58067,50,43,7,-1,-1,-1.00,0.23,0.54,10.40,-0.05,-0.04,-0.02,22.17,180,56,189

388,58117,50,43,7,-1,-1,-1.00,0.26,0.31,10.29,-0.07,-0.05,-0.02,22.17,170,53,190

389,58167,50,43,7,-1,-1,-1.00,0.18,0.46,10.41,-0.06,-0.04,-0.02,22.17,178,54,192

390,58218,49,42,8,-1,-1,-1.00,0.25,0.32,10.30,-0.07,-0.05,-0.02,22.17,174,55,191

391,58266,50,43,7,-1,-1,-1.00,0.01,0.40,10.28,-0.06,-0.04,-0.01,22.17,176,54,192

392,58316,50,43,7,-1,-1,-1.00,0.26,0.32,10.31,-0.08,-0.05,-0.02,22.17,168,52,189

393,58366,50,43,7,-1,-1,-1.00,0.21,0.54,10.42,-0.05,-0.04,-0.02,22.17,175,53,197

394,58417,49,42,8,-1,-1,-1.00,0.26,0.32,10.31,-0.07,-0.05,-0.02,22.18,170,51,186

395,58465,50,43,7,-1,-1,-1.00,0.20,0.48,10.41,-0.06,-0.03,-0.02,22.18,180,57,190

396,58515,50,43,7,-1,-1,-1.00,0.25,0.32,10.30,-0.07,-0.05,-0.02,22.17,167,50,195

397,58565,50,43,7,-1,-1,-1.00,0.18,0.45,10.41,-0.06,-0.04,-0.02,22.17,173,54,190

398,58619,49,39,11,-1,-1,-1.00,0.26,0.30,10.29,-0.07,-0.05,-0.02,22.19,172,52,193

399,58664,50,43,7,-1,-1,-1.00,0.00,0.44,10.49,-0.05,-0.04,-0.01,22.18,183,50,182

400,59010,49,43,7,-1,-1,-1.00,0.22,0.37,10.34,-0.06,-0.04,-0.02,22.18,173,55,189

401,59059,50,43,7,-1,-1,-1.00,0.01,0.40,10.47,-0.07,-0.05,-0.01,22.18,171,50,188

402,59109,50,43,7,-1,-1,-1.00,0.25,0.31,10.32,-0.06,-0.05,-0.02,22.18,169,55,189

403,59159,50,43,7,-1,-1,-1.00,0.16,0.44,10.43,-0.06,-0.04,-0.02,22.18,178,55,192

404,59209,50,43,7,-1,-1,-1.00,0.26,0.32,10.30,-0.07,-0.05,-0.02,22.19,169,56,194

405,59259,50,43,7,-1,-1,-1.00,0.27,0.34,10.40,-0.04,-0.03,-0.00,22.18,178,58,197

406,59309,50,43,7,-1,-1,-1.00,0.26,0.32,10.29,-0.07,-0.05,-0.02,22.19,170,55,186

407,59359,50,43,7,-1,-1,-1.00,0.14,0.35,10.48,-0.04,-0.03,-0.00,22.19,170,53,186

408,59409,50,43,7,-1,-1,-1.00,0.26,0.29,10.30,-0.07,-0.05,-0.02,22.19,167,54,198

409,59459,50,43,7,-1,-1,-1.00,0.21,0.51,10.42,-0.05,-0.03,-0.02,22.18,180,55,184

410,59509,50,43,7,-1,-1,-1.00,0.25,0.33,10.30,-0.07,-0.05,-0.03,22.19,172,54,187

411,59559,50,43,7,-1,-1,-1.00,0.02,0.41,10.25,-0.06,-0.04,-0.01,22.19,179,55,186

412,59609,50,43,7,-1,-1,-1.00,0.26,0.34,10.30,-0.07,-0.05,-0.02,22.19,168,57,189

413,59659,50,43,7,-1,-1,-1.00,0.45,0.41,10.42,-0.04,-0.02,-0.01,22.19,175,53,188

414,59709,50,43,7,-1,-1,-1.00,0.25,0.33,10.31,-0.08,-0.05,-0.02,22.19,172,53,192

415,59759,50,43,7,-1,-1,-1.00,0.21,0.40,10.37,-0.04,-0.03,-0.02,22.18,174,59,189

416,59809,50,43,7,-1,-1,-1.00,0.33,0.32,10.25,-0.07,-0.06,-0.04,22.18,173,53,185

417,59859,50,43,7,-1,-1,-1.00,-0.01,0.45,10.49,-0.06,-0.05,-0.01,22.18,177,49,186

418,59909,50,43,7,-1,-1,-1.00,0.26,0.32,10.30,-0.06,-0.05,-0.02,22.18,172,56,190

419,59959,50,43,7,-1,-1,-1.00,0.15,0.42,10.45,-0.06,-0.04,-0.02,22.18,177,57,191

420,60009,50,43,7,-1,-1,-1.00,0.26,0.32,10.31,-0.07,-0.05,-0.02,22.19,170,52,191

421,60059,50,43,7,-1,-1,-1.00,0.02,0.41,10.54,-0.05,-0.04,-0.00,22.19,173,53,189

422,60109,50,43,7,-1,-1,-1.00,0.27,0.29,10.28,-0.07,-0.05,-0.02,22.19,168,55,186

423,60159,50,43,7,-1,-1,-1.00,0.21,0.52,10.41,-0.06,-0.04,-0.02,22.19,174,56,185

424,60209,50,43,7,-1,-1,-1.00,0.25,0.32,10.30,-0.07,-0.05,-0.02,22.18,170,51,188

425,60259,50,43,7,-1,-1,-1.00,-0.02,0.44,10.53,-0.05,-0.04,-0.00,22.18,176,55,190

426,60309,50,43,7,-1,-1,-1.00,0.25,0.30,10.31,-0.07,-0.05,-0.02,22.18,170,54,193

427,60359,50,43,7,-1,-1,-1.00,0.14,0.43,10.46,-0.06,-0.04,-0.02,22.18,176,53,184

428,60409,50,43,7,-1,-1,-1.00,0.26,0.31,10.30,-0.07,-0.05,-0.02,22.19,172,53,189

429,60459,50,43,7,-1,-1,-1.00,-0.01,0.44,10.48,-0.06,-0.05,-0.01,22.19,177,56,188

430,60509,50,43,7,-1,-1,-1.00,0.26,0.30,10.29,-0.07,-0.05,-0.02,22.19,173,55,188

431,60559,50,43,7,-1,-1,-1.00,0.13,0.42,10.45,-0.06,-0.04,-0.02,22.19,177,50,196

432,60609,50,43,7,-1,-1,-1.00,0.26,0.31,10.31,-0.07,-0.05,-0.02,22.19,167,56,194

433,60659,50,43,7,-1,-1,-1.00,0.05,0.41,10.26,-0.06,-0.04,-0.01,22.19,174,54,190

434,60709,50,43,7,-1,-1,-1.00,0.26,0.32,10.32,-0.07,-0.05,-0.02,22.18,170,56,193

435,60759,50,43,7,-1,-1,-1.00,0.62,0.55,10.47,-0.04,-0.04,-0.02,22.19,172,51,189

436,60809,50,43,7,-1,-1,-1.00,0.25,0.32,10.29,-0.08,-0.05,-0.02,22.19,170,56,195

437,60859,50,43,7,-1,-1,-1.00,0.06,0.48,10.31,-0.05,-0.03,-0.02,22.19,176,56,186

438,60909,50,43,7,-1,-1,-1.00,0.27,0.33,10.31,-0.07,-0.05,-0.02,22.19,168,55,193

439,60959,50,43,7,-1,-1,-1.00,0.02,0.42,10.39,-0.06,-0.04,-0.01,22.19,172,53,196

440,61009,50,43,7,-1,-1,-1.00,0.27,0.30,10.29,-0.07,-0.05,-0.02,22.19,170,53,188

441,61059,50,43,7,-1,-1,-1.00,0.24,0.54,10.38,-0.05,-0.03,-0.02,22.20,177,55,195

442,61109,50,43,7,-1,-1,-1.00,0.26,0.32,10.30,-0.07,-0.05,-0.02,22.20,167,51,188

443,61159,50,43,7,-1,-1,-1.00,0.14,0.42,10.43,-0.06,-0.04,-0.02,22.19,176,51,188

444,61209,50,43,7,-1,-1,-1.00,0.27,0.32,10.29,-0.07,-0.05,-0.02,22.20,172,57,188

445,61259,50,43,7,-1,-1,-1.00,0.01,0.42,10.54,-0.05,-0.04,-0.00,22.19,178,56,190

446,61309,50,43,7,-1,-1,-1.00,0.26,0.29,10.28,-0.07,-0.05,-0.02,22.19,171,57,195

447,61359,50,43,7,-1,-1,-1.00,0.14,0.41,10.44,-0.06,-0.04,-0.02,22.19,179,57,189

448,61409,50,43,7,-1,-1,-1.00,0.27,0.31,10.30,-0.07,-0.05,-0.02,22.19,165,55,193

449,61459,50,43,7,-1,-1,-1.00,0.11,0.50,10.36,-0.05,-0.04,-0.02,22.20,178,50,191

450,61509,50,43,7,-1,-1,-1.00,0.26,0.33,10.30,-0.07,-0.05,-0.02,22.20,170,52,194

451,61559,50,43,7,-1,-1,-1.00,0.14,0.52,10.36,-0.05,-0.04,-0.02,22.19,179,55,195

452,61609,50,43,7,-1,-1,-1.00,0.25,0.33,10.30,-0.07,-0.05,-0.02,22.21,171,55,193

453,61659,50,43,7,-1,-1,-1.00,0.23,0.53,10.36,-0.05,-0.03,-0.02,22.21,177,53,192

454,61709,50,43,7,-1,-1,-1.00,0.25,0.32,10.30,-0.07,-0.05,-0.02,22.20,169,52,185

455,61759,52,43,7,-1,-1,-1.00,0.15,0.40,10.44,-0.06,-0.04,-0.02,22.20,178,56,190

456,61813,51,41,9,-1,-1,-1.00,0.25,0.30,10.32,-0.07,-0.05,-0.02,22.21,167,55,188

457,61863,49,42,8,-1,-1,-1.00,0.15,0.41,10.45,-0.06,-0.04,-0.02,22.22,179,55,190

458,61911,50,43,7,-1,-1,-1.00,0.27,0.33,10.31,-0.07,-0.05,-0.02,22.20,167,54,190

459,61961,50,43,7,-1,-1,-1.00,0.63,0.48,10.35,-0.04,-0.03,-0.01,22.20,174,53,184

460,62011,50,43,7,-1,-1,-1.00,0.24,0.33,10.29,-0.08,-0.05,-0.02,22.20,174,57,195

461,62061,50,43,7,-1,-1,-1.00,0.21,0.41,10.37,-0.04,-0.03,-0.02,22.20,176,55,190

462,62111,50,43,7,-1,-1,-1.00,0.07,0.24,10.25,-0.07,-0.05,-0.03,22.21,165,52,196

463,62161,50,43,7,-1,-1,-1.00,0.20,0.53,10.35,-0.06,-0.04,-0.02,22.21,177,56,187

464,62211,50,43,7,-1,-1,-1.00,0.26,0.33,10.30,-0.06,-0.04,-0.02,22.21,169,56,191

465,62261,50,43,7,-1,-1,-1.00,0.22,0.52,10.39,-0.06,-0.04,-0.02,22.20,178,52,190

466,62311,50,43,7,-1,-1,-1.00,0.25,0.32,10.30,-0.07,-0.05,-0.02,22.20,170,55,189

467,62361,50,43,7,-1,-1,-1.00,0.22,0.54,10.39,-0.06,-0.04,-0.02,22.20,174,55,191

468,62411,50,43,7,-1,-1,-1.00,0.26,0.32,10.29,-0.07,-0.05,-0.02,22.20,170,52,191

469,62461,50,43,7,-1,-1,-1.00,0.22,0.52,10.39,-0.06,-0.04,-0.02,22.19,176,55,189

470,62511,50,43,7,-1,-1,-1.00,0.26,0.32,10.30,-0.07,-0.05,-0.02,22.19,171,53,189

471,62561,50,43,7,-1,-1,-1.00,0.10,0.47,10.35,-0.05,-0.04,-0.02,22.19,174,56,194

472,62611,50,43,7,-1,-1,-1.00,0.26,0.33,10.31,-0.07,-0.05,-0.02,22.19,170,55,185

473,62661,50,43,7,-1,-1,-1.00,0.11,0.49,10.36,-0.05,-0.04,-0.02,22.19,179,55,185

474,62711,50,43,7,-1,-1,-1.00,0.27,0.33,10.30,-0.07,-0.05,-0.02,22.20,172,53,193

475,62761,50,43,7,-1,-1,-1.00,0.13,0.50,10.36,-0.05,-0.04,-0.02,22.20,179,54,190

476,62811,50,43,7,-1,-1,-1.00,0.27,0.34,10.31,-0.07,-0.05,-0.02,22.20,169,57,189

477,62861,50,43,7,-1,-1,-1.00,0.24,0.55,10.37,-0.05,-0.03,-0.02,22.20,179,53,188

478,62911,50,43,7,-1,-1,-1.00,0.25,0.32,10.30,-0.07,-0.05,-0.02,22.19,169,58,191

479,62961,50,43,7,-1,-1,-1.00,0.15,0.41,10.43,-0.06,-0.04,-0.02,22.19,170,55,198

480,63011,50,43,7,-1,-1,-1.00,0.27,0.30,10.30,-0.07,-0.05,-0.02,22.19,169,50,194

481,63062,68,42,8,-1,-1,-1.00,-0.00,0.45,10.46,-0.06,-0.04,-0.01,22.20,171,56,194

482,63130,49,42,8,-1,-1,-1.00,0.24,0.35,10.31,-0.05,-0.04,-0.02,22.20,166,54,192

483,63178,50,43,7,-1,-1,-1.00,0.21,0.49,10.39,-0.07,-0.04,-0.02,22.19,179,52,196

484,63228,50,43,7,-1,-1,-1.00,0.26,0.32,10.30,-0.06,-0.04,-0.02,22.19,170,53,187

485,63278,50,43,7,-1,-1,-1.00,0.02,0.39,10.54,-0.05,-0.04,-0.00,22.19,179,58,187

486,63328,50,43,7,-1,-1,-1.00,0.26,0.29,10.29,-0.07,-0.05,-0.02,22.19,175,56,194

487,63378,50,43,7,-1,-1,-1.00,0.14,0.38,10.42,-0.06,-0.04,-0.02,22.19,173,55,192

488,63428,50,43,7,-1,-1,-1.00,0.26,0.30,10.31,-0.07,-0.05,-0.02,22.20,170,54,190

489,63478,50,43,7,-1,-1,-1.00,0.16,0.50,10.34,-0.05,-0.04,-0.02,22.20,174,54,189

490,63528,50,43,7,-1,-1,-1.00,0.27,0.33,10.30,-0.07,-0.05,-0.02,22.20,172,53,192

491,63578,50,43,7,-1,-1,-1.00,0.21,0.54,10.35,-0.05,-0.03,-0.02,22.19,180,49,193

492,63628,50,43,7,-1,-1,-1.00,0.26,0.33,10.30,-0.07,-0.05,-0.02,22.21,170,52,189

493,63678,50,43,7,-1,-1,-1.00,0.15,0.42,10.42,-0.06,-0.04,-0.02,22.20,176,53,188

494,63728,50,43,7,-1,-1,-1.00,0.26,0.31,10.31,-0.07,-0.05,-0.02,22.20,173,53,194

495,63778,50,43,7,-1,-1,-1.00,-0.00,0.43,10.53,-0.05,-0.04,-0.00,22.21,176,57,187

496,63828,50,43,7,-1,-1,-1.00,0.23,0.28,10.28,-0.07,-0.05,-0.02,22.20,166,55,191

497,63878,50,43,7,-1,-1,-1.00,0.13,0.41,10.46,-0.06,-0.05,-0.02,22.21,175,56,185

498,63928,50,43,7,-1,-1,-1.00,0.25,0.32,10.31,-0.07,-0.05,-0.02,22.21,173,51,188

499,63978,50,43,7,-1,-1,-1.00,0.03,0.40,10.28,-0.06,-0.04,-0.01,22.21,181,53,190

500,64395,70,43,7,-1,-1,-1.00,0.23,0.37,10.33,-0.06,-0.04,-0.02,22.21,179,51,189

501,64460,49,42,8,-1,-1,-1.00,0.24,0.49,10.34,-0.07,-0.04,-0.02,22.20,173,54,191

502,64508,50,43,7,-1,-1,-1.00,0.25,0.35,10.31,-0.06,-0.04,-0.02,22.20,167,55,191

503,64558,50,43,7,-1,-1,-1.00,0.01,0.43,10.48,-0.06,-0.05,-0.01,22.20,176,51,189

504,64608,50,43,7,-1,-1,-1.00,0.26,0.30,10.30,-0.06,-0.05,-0.02,22.20,169,58,186

505,64658,50,43,7,-1,-1,-1.00,0.15,0.42,10.42,-0.07,-0.05,-0.02,22.20,178,50,190

506,64708,50,43,7,-1,-1,-1.00,0.27,0.31,10.30,-0.06,-0.05,-0.02,22.20,168,52,191

507,64758,50,43,7,-1,-1,-1.00,0.08,0.47,10.33,-0.06,-0.04,-0.01,22.21,177,54,191

508,64808,50,43,7,-1,-1,-1.00,0.26,0.33,10.30,-0.07,-0.05,-0.02,22.20,168,54,192

509,64858,50,43,7,-1,-1,-1.00,0.18,0.36,10.46,-0.05,-0.03,-0.00,22.20,177,56,187

510,64908,50,43,7,-1,-1,-1.00,0.26,0.30,10.30,-0.07,-0.05,-0.02,22.22,171,54,193

511,64958,50,43,7,-1,-1,-1.00,0.07,0.46,10.29,-0.06,-0.03,-0.02,22.21,175,55,195

512,65008,50,43,7,-1,-1,-1.00,0.26,0.34,10.31,-0.07,-0.05,-0.02,22.21,170,54,192

513,65058,50,43,7,-1,-1,-1.00,0.24,0.41,10.39,-0.04,-0.03,-0.02,22.20,171,55,183

514,65108,50,43,7,-1,-1,-1.00,0.21,0.29,10.25,-0.07,-0.05,-0.02,22.20,169,57,191

515,65158,50,43,7,-1,-1,-1.00,0.14,0.46,10.46,-0.06,-0.04,-0.02,22.20,178,55,194

516,65208,50,43,7,-1,-1,-1.00,0.26,0.32,10.29,-0.06,-0.05,-0.02,22.20,173,54,194

517,65258,50,43,7,-1,-1,-1.00,0.03,0.40,10.52,-0.05,-0.04,-0.00,22.21,175,52,190

518,65308,50,43,7,-1,-1,-1.00,0.26,0.30,10.29,-0.07,-0.05,-0.02,22.20,167,55,187

519,65358,50,43,7,-1,-1,-1.00,0.14,0.40,10.40,-0.06,-0.04,-0.02,22.20,177,53,192

520,65408,50,43,7,-1,-1,-1.00,0.26,0.32,10.30,-0.07,-0.05,-0.02,22.20,168,57,196

521,65458,50,43,7,-1,-1,-1.00,0.20,0.52,10.35,-0.06,-0.04,-0.02,22.21,176,54,182

522,65508,50,43,7,-1,-1,-1.00,0.25,0.33,10.31,-0.07,-0.05,-0.02,22.20,176,52,187

523,65558,50,43,7,-1,-1,-1.00,0.14,0.43,10.45,-0.06,-0.04,-0.02,22.20,178,56,187

524,65611,49,40,10,-1,-1,-1.00,0.25,0.30,10.31,-0.07,-0.05,-0.02,22.20,167,56,188

525,65659,49,41,9,-1,-1,-1.00,0.12,0.39,10.52,-0.04,-0.03,-0.00,22.20,179,52,191

526,65707,49,42,8,-1,-1,-1.00,0.25,0.32,10.31,-0.08,-0.05,-0.02,22.21,166,54,189

527,65755,50,43,7,-1,-1,-1.00,0.21,0.37,10.40,-0.05,-0.04,-0.02,22.20,171,56,190

528,65805,50,43,7,-1,-1,-1.00,0.24,0.34,10.33,-0.07,-0.05,-0.02,22.20,163,54,191

529,65855,50,43,7,-1,-1,-1.00,0.05,0.40,10.33,-0.06,-0.04,-0.01,22.20,174,53,189

530,65905,50,43,7,-1,-1,-1.00,0.26,0.32,10.30,-0.07,-0.05,-0.02,22.20,166,54,186

531,65955,50,43,7,-1,-1,-1.00,0.24,0.53,10.39,-0.06,-0.04,-0.02,22.19,179,55,189

532,66005,50,43,7,-1,-1,-1.00,0.25,0.31,10.31,-0.07,-0.05,-0.02,22.21,169,54,192

533,66055,50,43,7,-1,-1,-1.00,0.14,0.39,10.43,-0.06,-0.04,-0.02,22.21,178,55,195

534,66105,50,43,7,-1,-1,-1.00,0.26,0.30,10.30,-0.07,-0.05,-0.02,22.21,173,57,187

535,66155,50,43,7,-1,-1,-1.00,0.04,0.40,10.27,-0.06,-0.04,-0.01,22.20,180,55,192

536,66205,50,43,7,-1,-1,-1.00,0.26,0.33,10.31,-0.07,-0.05,-0.02,22.20,169,54,193

537,66255,50,43,7,-1,-1,-1.00,0.53,0.50,10.40,-0.04,-0.04,-0.02,22.20,181,54,195

538,66305,50,43,7,-1,-1,-1.00,0.24,0.31,10.27,-0.07,-0.05,-0.02,22.20,169,54,190

539,66355,50,43,7,-1,-1,-1.00,0.15,0.42,10.44,-0.06,-0.04,-0.02,22.20,180,58,190

540,66405,50,43,7,-1,-1,-1.00,0.26,0.31,10.29,-0.07,-0.05,-0.02,22.20,167,51,199

541,66455,50,43,7,-1,-1,-1.00,0.01,0.43,10.43,-0.06,-0.05,-0.01,22.20,178,54,193

542,66505,50,43,7,-1,-1,-1.00,0.26,0.30,10.30,-0.07,-0.05,-0.02,22.21,170,53,189

543,66555,50,43,7,-1,-1,-1.00,0.16,0.39,10.41,-0.06,-0.04,-0.02,22.21,178,55,190

544,66605,50,43,7,-1,-1,-1.00,0.27,0.31,10.29,-0.07,-0.05,-0.02,22.21,168,56,189

545,66655,50,43,7,-1,-1,-1.00,0.21,0.52,10.36,-0.06,-0.04,-0.02,22.20,174,58,191

546,66705,50,43,7,-1,-1,-1.00,0.26,0.32,10.31,-0.07,-0.05,-0.02,22.20,168,57,191

547,66755,50,43,7,-1,-1,-1.00,0.16,0.45,10.44,-0.06,-0.04,-0.02,22.21,178,52,187

548,66812,72,36,14,-1,-1,-1.00,0.25,0.34,10.31,-0.06,-0.04,-0.02,22.21,174,57,183

549,66879,49,41,9,-1,-1,-1.00,0.22,0.42,10.37,-0.09,-0.06,-0.02,22.21,175,54,188

550,66929,49,40,10,-1,-1,-1.00,0.25,0.35,10.35,-0.05,-0.04,-0.02,22.20,169,53,190

551,66975,50,43,7,-1,-1,-1.00,0.26,0.32,10.33,-0.07,-0.05,-0.02,22.21,172,49,192

552,67025,50,43,7,-1,-1,-1.00,0.25,0.33,10.32,-0.06,-0.04,-0.02,22.21,168,53,195

553,67075,50,43,7,-1,-1,-1.00,0.04,0.37,10.52,-0.05,-0.04,-0.00,22.22,173,53,189

554,67125,50,43,7,-1,-1,-1.00,0.25,0.30,10.30,-0.07,-0.05,-0.02,22.21,171,55,183

555,67175,50,43,7,-1,-1,-1.00,0.14,0.39,10.41,-0.06,-0.04,-0.02,22.21,180,54,188

556,67225,50,43,7,-1,-1,-1.00,0.26,0.31,10.31,-0.07,-0.05,-0.02,22.22,175,57,188

557,67275,50,43,7,-1,-1,-1.00,0.04,0.40,10.26,-0.06,-0.04,-0.01,22.22,177,57,195

558,67325,50,43,7,-1,-1,-1.00,0.26,0.33,10.30,-0.07,-0.05,-0.02,22.22,174,51,190

559,67375,50,43,7,-1,-1,-1.00,0.13,0.34,10.48,-0.05,-0.03,-0.00,22.22,177,54,189

560,67425,50,43,7,-1,-1,-1.00,0.26,0.29,10.29,-0.07,-0.05,-0.02,22.22,166,54,189

561,67475,50,43,7,-1,-1,-1.00,0.16,0.51,10.36,-0.05,-0.04,-0.02,22.21,177,54,190

562,67525,50,43,7,-1,-1,-1.00,0.26,0.33,10.31,-0.07,-0.05,-0.02,22.22,172,57,190

563,67575,50,43,7,-1,-1,-1.00,0.22,0.53,10.35,-0.05,-0.04,-0.02,22.21,178,58,188

564,67625,50,43,7,-1,-1,-1.00,0.25,0.33,10.31,-0.07,-0.05,-0.02,22.22,170,53,194

565,67675,50,43,7,-1,-1,-1.00,0.16,0.45,10.44,-0.06,-0.04,-0.02,22.22,179,56,190

566,67725,50,43,7,-1,-1,-1.00,0.26,0.32,10.29,-0.07,-0.05,-0.02,22.22,169,54,190

567,67775,50,43,7,-1,-1,-1.00,-0.00,0.43,10.53,-0.05,-0.04,-0.00,22.22,174,59,196

568,67825,50,43,7,-1,-1,-1.00,0.25,0.28,10.28,-0.07,-0.05,-0.02,22.21,169,53,183

569,67875,50,43,7,-1,-1,-1.00,0.13,0.41,10.43,-0.06,-0.05,-0.02,22.22,176,51,193

570,67925,50,43,7,-1,-1,-1.00,0.27,0.31,10.29,-0.07,-0.05,-0.02,22.22,168,55,191

571,67975,50,43,7,-1,-1,-1.00,0.15,0.49,10.36,-0.06,-0.04,-0.02,22.22,175,55,194

572,68025,50,43,7,-1,-1,-1.00,0.25,0.32,10.30,-0.07,-0.05,-0.02,22.23,166,57,189

573,68105,50,13,37,-1,-1,-1.00,0.25,0.34,10.32,-0.09,-0.06,-0.02,22.22,176,56,193

574,68128,49,40,10,-1,-1,-1.00,0.26,0.32,10.31,-0.06,-0.05,-0.02,22.22,169,56,191

575,68175,49,42,8,-1,-1,-1.00,0.19,0.41,10.35,-0.06,-0.04,-0.02,22.22,175,53,190

576,68223,50,43,7,-1,-1,-1.00,0.25,0.35,10.33,-0.07,-0.05,-0.02,22.22,165,55,191

577,68273,50,43,7,-1,-1,-1.00,0.35,0.37,10.37,-0.05,-0.03,-0.00,22.22,174,57,188

578,68323,50,43,7,-1,-1,-1.00,0.26,0.32,10.30,-0.07,-0.05,-0.02,22.22,171,53,189

579,68373,50,43,7,-1,-1,-1.00,0.21,0.40,10.35,-0.05,-0.04,-0.02,22.22,175,54,197

580,68423,50,43,7,-1,-1,-1.00,0.32,0.33,10.24,-0.06,-0.05,-0.04,22.22,168,55,190

581,68473,50,43,7,-1,-1,-1.00,0.00,0.45,10.50,-0.07,-0.05,-0.01,22.22,170,55,186

582,68523,50,43,7,-1,-1,-1.00,0.26,0.31,10.30,-0.06,-0.04,-0.02,22.23,169,52,186

583,68573,50,43,7,-1,-1,-1.00,0.14,0.41,10.44,-0.06,-0.04,-0.02,22.22,177,54,190

584,68623,50,43,7,-1,-1,-1.00,0.26,0.30,10.30,-0.06,-0.04,-0.02,22.23,168,52,193

585,68673,50,43,7,-1,-1,-1.00,0.17,0.35,10.46,-0.05,-0.03,-0.00,22.23,175,52,189

586,68723,50,43,7,-1,-1,-1.00,0.27,0.29,10.30,-0.07,-0.05,-0.02,22.22,173,55,187

587,68773,50,43,7,-1,-1,-1.00,0.02,0.42,10.31,-0.06,-0.04,-0.01,22.23,181,56,188

588,68823,50,43,7,-1,-1,-1.00,0.27,0.33,10.31,-0.07,-0.05,-0.02,22.22,164,55,185

589,68873,50,43,7,-1,-1,-1.00,0.05,0.44,10.28,-0.06,-0.04,-0.02,22.22,172,52,191

590,68923,50,43,7,-1,-1,-1.00,0.26,0.33,10.30,-0.07,-0.05,-0.02,22.23,167,53,192

591,68973,50,43,7,-1,-1,-1.00,0.45,0.41,10.41,-0.05,-0.03,-0.01,22.22,177,55,188

592,69023,50,43,7,-1,-1,-1.00,0.25,0.32,10.29,-0.07,-0.05,-0.02,22.23,167,55,188

593,69073,50,43,7,-1,-1,-1.00,0.21,0.40,10.35,-0.05,-0.04,-0.02,22.22,174,54,193

594,69123,50,43,7,-1,-1,-1.00,0.31,0.32,10.26,-0.06,-0.05,-0.04,22.22,167,53,195

595,69173,50,43,7,-1,-1,-1.00,0.03,0.43,10.35,-0.08,-0.05,-0.01,22.22,176,55,194

596,69223,50,43,7,-1,-1,-1.00,0.25,0.33,10.30,-0.06,-0.04,-0.02,22.22,166,53,186

597,69275,49,40,10,-1,-1,-1.00,0.19,0.51,10.34,-0.06,-0.04,-0.02,22.22,174,54,189

598,69323,49,42,8,-1,-1,-1.00,0.26,0.34,10.30,-0.06,-0.04,-0.02,22.22,171,56,186

599,69373,50,41,9,-1,-1,-1.00,0.47,0.41,10.38,-0.05,-0.03,-0.01,22.22,176,53,193

600,69685,49,43,7,-1,-1,-1.00,0.23,0.37,10.34,-0.06,-0.04,-0.02,22.23,172,52,189

601,69734,50,43,7,-1,-1,-1.00,0.02,0.39,10.41,-0.07,-0.05,-0.01,22.21,177,54,189

602,69784,50,43,7,-1,-1,-1.00,0.23,0.34,10.33,-0.06,-0.04,-0.02,22.22,169,56,191

603,69834,50,43,7,-1,-1,-1.00,0.16,0.37,10.42,-0.07,-0.05,-0.02,22.22,174,53,185

604,69884,50,43,7,-1,-1,-1.00,0.25,0.32,10.31,-0.06,-0.04,-0.02,22.22,168,50,189

605,69934,50,43,7,-1,-1,-1.00,0.09,0.48,10.33,-0.06,-0.04,-0.02,22.21,171,53,187

606,69984,50,43,7,-1,-1,-1.00,0.26,0.34,10.31,-0.06,-0.04,-0.02,22.22,167,55,185

607,70034,50,43,7,-1,-1,-1.00,0.58,0.53,10.42,-0.05,-0.04,-0.02,22.22,173,55,192

608,70084,50,43,7,-1,-1,-1.00,0.24,0.32,10.29,-0.07,-0.04,-0.02,22.22,169,53,187

609,70134,50,43,7,-1,-1,-1.00,0.14,0.44,10.44,-0.06,-0.04,-0.02,22.22,176,54,194

610,70184,50,43,7,-1,-1,-1.00,0.25,0.31,10.31,-0.06,-0.05,-0.02,22.22,171,53,193

611,70234,50,43,7,-1,-1,-1.00,0.05,0.37,10.52,-0.05,-0.04,-0.00,22.22,178,55,191

612,70284,50,43,7,-1,-1,-1.00,0.27,0.30,10.27,-0.07,-0.05,-0.02,22.22,169,51,191

613,70334,50,43,7,-1,-1,-1.00,0.14,0.43,10.44,-0.06,-0.04,-0.02,22.23,178,54,188

614,70384,50,43,7,-1,-1,-1.00,0.26,0.31,10.30,-0.07,-0.05,-0.02,22.21,170,53,192

615,70434,50,43,7,-1,-1,-1.00,0.15,0.36,10.45,-0.05,-0.03,-0.00,22.22,176,51,192

616,70484,50,43,7,-1,-1,-1.00,0.27,0.30,10.30,-0.07,-0.05,-0.02,22.22,170,54,195

617,70536,59,41,9,-1,-1,-1.00,0.01,0.41,10.31,-0.07,-0.05,-0.01,22.23,175,52,191

618,70596,50,40,10,-1,-1,-1.00,0.25,0.35,10.34,-0.05,-0.04,-0.02,22.22,167,55,189

619,70644,49,42,8,-1,-1,-1.00,0.23,0.37,10.35,-0.07,-0.05,-0.02,22.22,168,56,192

620,70692,50,43,7,-1,-1,-1.00,0.24,0.35,10.34,-0.06,-0.04,-0.02,22.22,167,52,194

621,70742,50,43,7,-1,-1,-1.00,0.58,0.45,10.34,-0.05,-0.04,-0.01,22.22,176,54,192

622,70792,50,43,7,-1,-1,-1.00,0.25,0.33,10.31,-0.06,-0.05,-0.02,22.22,167,54,189

623,70842,50,43,7,-1,-1,-1.00,0.27,0.35,10.40,-0.05,-0.03,-0.01,22.22,175,52,192

624,70892,50,43,7,-1,-1,-1.00,0.26,0.31,10.29,-0.06,-0.05,-0.02,22.22,170,53,190

625,70942,50,43,7,-1,-1,-1.00,0.36,0.44,10.38,-0.05,-0.04,-0.03,22.22,173,53,192

626,70992,50,43,7,-1,-1,-1.00,0.24,0.30,10.27,-0.07,-0.05,-0.02,22.22,168,59,193

627,71042,50,43,7,-1,-1,-1.00,0.14,0.41,10.41,-0.07,-0.05,-0.02,22.22,170,57,197

628,71092,50,43,7,-1,-1,-1.00,0.26,0.31,10.31,-0.06,-0.04,-0.02,22.22,167,56,188

629,71142,50,43,7,-1,-1,-1.00,0.18,0.51,10.36,-0.06,-0.04,-0.02,22.23,174,53,191

630,71192,50,43,7,-1,-1,-1.00,0.26,0.33,10.30,-0.06,-0.04,-0.02,22.22,167,56,187

631,71242,50,43,7,-1,-1,-1.00,0.23,0.54,10.39,-0.06,-0.04,-0.02,22.22,178,55,188

632,71292,50,43,7,-1,-1,-1.00,0.25,0.33,10.30,-0.06,-0.04,-0.02,22.23,169,55,191

633,71342,50,43,7,-1,-1,-1.00,0.16,0.39,10.41,-0.06,-0.05,-0.02,22.24,173,58,183

634,71392,50,43,7,-1,-1,-1.00,0.27,0.31,10.30,-0.06,-0.04,-0.02,22.23,171,56,181

635,71442,50,43,7,-1,-1,-1.00,0.03,0.39,10.29,-0.07,-0.05,-0.01,22.22,177,53,190

636,71492,50,43,7,-1,-1,-1.00,0.26,0.32,10.30,-0.06,-0.05,-0.02,22.23,172,53,185

637,71542,50,43,7,-1,-1,-1.00,0.09,0.48,10.34,-0.06,-0.04,-0.02,22.23,178,53,188

638,71592,50,43,7,-1,-1,-1.00,0.26,0.34,10.30,-0.06,-0.04,-0.02,22.24,166,54,188

639,71642,50,43,7,-1,-1,-1.00,0.28,0.42,10.39,-0.05,-0.04,-0.03,22.23,177,53,189

640,71692,50,43,7,-1,-1,-1.00,0.14,0.27,10.22,-0.07,-0.04,-0.02,22.23,169,58,190

641,71742,50,43,7,-1,-1,-1.00,0.15,0.44,10.45,-0.07,-0.05,-0.02,22.23,172,54,191

642,71792,50,43,7,-1,-1,-1.00,0.25,0.32,10.30,-0.06,-0.04,-0.02,22.24,174,52,186

643,71844,64,41,9,-1,-1,-1.00,0.09,0.47,10.33,-0.06,-0.04,-0.02,22.23,175,55,187

644,71909,50,40,10,-1,-1,-1.00,0.29,0.37,10.36,-0.04,-0.04,-0.04,22.23,167,55,188

645,71957,49,42,8,-1,-1,-1.00,0.36,0.40,10.40,-0.07,-0.04,-0.02,22.23,169,55,189

646,72005,50,43,7,-1,-1,-1.00,0.26,0.31,10.30,-0.06,-0.04,-0.02,22.22,173,53,190

647,72055,50,43,7,-1,-1,-1.00,0.21,0.51,10.41,-0.06,-0.04,-0.02,22.23,178,55,187

648,72105,50,43,7,-1,-1,-1.00,0.25,0.32,10.30,-0.06,-0.04,-0.02,22.23,166,58,188

649,72155,50,43,7,-1,-1,-1.00,0.21,0.50,10.41,-0.06,-0.04,-0.02,22.23,176,57,186

650,72205,50,43,7,-1,-1,-1.00,0.26,0.32,10.30,-0.07,-0.05,-0.02,22.23,169,51,191

651,72255,50,43,7,-1,-1,-1.00,0.11,0.35,10.49,-0.05,-0.03,-0.00,22.23,173,54,192

652,72305,50,43,7,-1,-1,-1.00,0.28,0.29,10.29,-0.07,-0.05,-0.02,22.23,167,56,196

653,72355,50,43,7,-1,-1,-1.00,0.13,0.45,10.45,-0.06,-0.04,-0.02,22.24,179,54,186

654,72405,50,43,7,-1,-1,-1.00,0.26,0.31,10.31,-0.07,-0.05,-0.02,22.24,166,57,188

655,72455,50,43,7,-1,-1,-1.00,-0.01,0.42,10.53,-0.05,-0.04,-0.01,22.24,175,53,186

656,72505,50,43,7,-1,-1,-1.00,0.26,0.29,10.30,-0.07,-0.05,-0.02,22.25,165,55,190

657,72555,50,43,7,-1,-1,-1.00,0.13,0.43,10.45,-0.06,-0.04,-0.02,22.24,177,55,188

658,72605,50,43,7,-1,-1,-1.00,0.25,0.30,10.30,-0.06,-0.04,-0.02,22.24,176,54,192

659,72655,50,43,7,-1,-1,-1.00,0.04,0.41,10.26,-0.06,-0.04,-0.01,22.23,179,53,187

660,72705,50,43,7,-1,-1,-1.00,0.27,0.34,10.31,-0.07,-0.05,-0.02,22.23,167,55,185

661,72755,50,43,7,-1,-1,-1.00,0.21,0.39,10.36,-0.05,-0.04,-0.02,22.23,174,57,185

662,72805,50,43,7,-1,-1,-1.00,0.01,0.21,10.24,-0.06,-0.04,-0.03,22.24,168,51,190

663,72855,50,43,7,-1,-1,-1.00,0.23,0.52,10.39,-0.07,-0.04,-0.02,22.24,174,53,187

664,72905,50,43,7,-1,-1,-1.00,0.25,0.33,10.30,-0.06,-0.04,-0.02,22.23,170,51,185

665,72955,50,43,7,-1,-1,-1.00,0.03,0.41,10.32,-0.07,-0.05,-0.01,22.23,174,51,185

666,73005,50,43,7,-1,-1,-1.00,0.26,0.32,10.30,-0.06,-0.04,-0.02,22.24,169,53,192

667,73055,50,43,7,-1,-1,-1.00,0.03,0.40,10.27,-0.06,-0.04,-0.01,22.24,177,52,183

668,73105,50,43,7,-1,-1,-1.00,0.26,0.33,10.31,-0.06,-0.04,-0.02,22.24,171,57,190

669,73155,50,43,7,-1,-1,-1.00,0.63,0.49,10.37,-0.05,-0.04,-0.02,22.24,176,55,182

670,73205,50,43,7,-1,-1,-1.00,0.24,0.32,10.29,-0.07,-0.05,-0.02,22.24,172,52,195

671,73255,50,43,7,-1,-1,-1.00,0.21,0.40,10.35,-0.05,-0.03,-0.03,22.24,174,53,189

672,73305,50,43,7,-1,-1,-1.00,0.03,0.21,10.25,-0.06,-0.04,-0.03,22.25,167,48,193

673,73355,50,43,7,-1,-1,-1.00,0.23,0.53,10.39,-0.07,-0.04,-0.02,22.25,171,51,183

674,73405,50,43,7,-1,-1,-1.00,0.25,0.33,10.31,-0.06,-0.04,-0.02,22.24,168,56,180

675,73455,50,43,7,-1,-1,-1.00,0.01,0.39,10.29,-0.07,-0.05,-0.01,22.24,173,54,187

676,73505,50,43,7,-1,-1,-1.00,0.24,0.32,10.31,-0.06,-0.04,-0.02,22.23,171,57,192

677,73555,50,43,7,-1,-1,-1.00,0.64,0.50,10.37,-0.05,-0.04,-0.02,22.25,176,57,192

678,73605,50,43,7,-1,-1,-1.00,0.24,0.32,10.29,-0.06,-0.05,-0.02,22.25,167,54,190

679,73655,50,43,7,-1,-1,-1.00,0.64,0.54,10.42,-0.05,-0.04,-0.02,22.25,171,56,190

680,73705,50,43,7,-1,-1,-1.00,0.25,0.31,10.28,-0.06,-0.04,-0.02,22.24,165,57,186

681,73755,50,43,7,-1,-1,-1.00,0.35,0.37,10.39,-0.05,-0.03,-0.01,22.25,177,58,190

682,73805,50,43,7,-1,-1,-1.00,0.25,0.30,10.31,-0.06,-0.05,-0.02,22.24,170,55,189

683,73855,50,43,7,-1,-1,-1.00,0.51,0.41,10.36,-0.05,-0.03,-0.01,22.24,170,55,189

684,73905,50,43,7,-1,-1,-1.00,0.25,0.32,10.30,-0.06,-0.05,-0.02,22.25,162,56,193

685,73955,50,43,7,-1,-1,-1.00,0.22,0.40,10.36,-0.05,-0.04,-0.02,22.25,168,53,190

686,74005,50,43,7,-1,-1,-1.00,0.07,0.24,10.24,-0.06,-0.04,-0.03,22.23,163,56,191

687,74055,50,43,7,-1,-1,-1.00,0.22,0.52,10.35,-0.07,-0.04,-0.02,22.24,179,55,188

688,74108,49,40,10,-1,-1,-1.00,0.25,0.34,10.32,-0.05,-0.04,-0.02,22.24,170,50,185

689,74155,49,42,8,-1,-1,-1.00,0.00,0.43,10.44,-0.07,-0.05,-0.01,22.23,174,57,189

690,74203,50,43,7,-1,-1,-1.00,0.25,0.31,10.30,-0.06,-0.04,-0.02,22.25,170,53,186

691,74254,49,42,8,-1,-1,-1.00,0.15,0.40,10.42,-0.07,-0.05,-0.02,22.25,173,52,196

692,74302,50,43,7,-1,-1,-1.00,0.27,0.31,10.31,-0.06,-0.04,-0.03,22.25,172,54,191

693,74352,50,43,7,-1,-1,-1.00,0.43,0.38,10.43,-0.05,-0.03,-0.01,22.25,172,54,189

694,74402,50,43,7,-1,-1,-1.00,0.25,0.30,10.29,-0.06,-0.05,-0.02,22.24,171,55,192

695,74452,50,43,7,-1,-1,-1.00,0.21,0.39,10.36,-0.05,-0.04,-0.02,22.24,173,54,189

696,74502,50,43,7,-1,-1,-1.00,0.04,0.22,10.21,-0.06,-0.04,-0.02,22.25,163,58,186

697,74552,50,43,7,-1,-1,-1.00,0.20,0.51,10.45,-0.07,-0.05,-0.02,22.25,174,57,193

698,74602,50,43,7,-1,-1,-1.00,0.26,0.32,10.32,-0.05,-0.04,-0.02,22.25,174,55,190

699,74652,50,43,7,-1,-1,-1.00,0.00,0.40,10.52,-0.06,-0.04,-0.01,22.27,174,52,187

700,74967,49,43,7,-1,-1,-1.00,0.24,0.36,10.35,-0.06,-0.04,-0.03,22.26,172,53,193

701,75016,50,43,7,-1,-1,-1.00,0.00,0.40,10.44,-0.07,-0.05,-0.01,22.26,169,55,185

702,75066,50,43,7,-1,-1,-1.00,0.24,0.34,10.33,-0.06,-0.04,-0.02,22.26,176,54,190

703,75116,50,43,7,-1,-1,-1.00,0.16,0.44,10.42,-0.07,-0.04,-0.02,22.27,176,52,190

704,75166,50,43,7,-1,-1,-1.00,0.25,0.33,10.32,-0.06,-0.04,-0.02,22.27,167,53,187

705,75216,50,43,7,-1,-1,-1.00,0.30,0.36,10.38,-0.05,-0.03,-0.01,22.25,174,55,191

706,75266,50,43,7,-1,-1,-1.00,0.26,0.32,10.30,-0.06,-0.04,-0.02,22.25,167,55,197

707,75318,59,41,9,-1,-1,-1.00,0.07,0.37,10.49,-0.05,-0.04,-0.01,22.27,171,54,193

708,75377,50,41,9,-1,-1,-1.00,0.29,0.34,10.34,-0.04,-0.04,-0.04,22.27,171,55,188

709,75427,50,41,9,-1,-1,-1.00,0.04,0.42,10.34,-0.09,-0.05,-0.01,22.27,171,55,186

710,75476,49,42,8,-1,-1,-1.00,0.24,0.34,10.32,-0.05,-0.04,-0.02,22.27,166,55,188

711,75524,50,43,7,-1,-1,-1.00,0.22,0.41,10.40,-0.07,-0.05,-0.02,22.26,171,54,192

712,75574,50,43,7,-1,-1,-1.00,0.23,0.37,10.34,-0.06,-0.04,-0.02,22.25,171,55,190

713,75624,50,43,7,-1,-1,-1.00,-0.00,0.40,10.52,-0.06,-0.04,-0.01,22.26,169,53,195

714,75674,50,43,7,-1,-1,-1.00,0.25,0.31,10.31,-0.06,-0.04,-0.02,22.26,169,53,192

715,75724,50,43,7,-1,-1,-1.00,0.15,0.40,10.42,-0.07,-0.05,-0.02,22.27,167,54,194

716,75774,50,43,7,-1,-1,-1.00,0.26,0.33,10.32,-0.05,-0.04,-0.02,22.27,168,55,188

717,75824,50,43,7,-1,-1,-1.00,0.05,0.40,10.25,-0.07,-0.04,-0.01,22.27,171,54,195

718,75874,50,43,7,-1,-1,-1.00,0.26,0.34,10.31,-0.06,-0.04,-0.02,22.26,167,57,194

719,75924,50,43,7,-1,-1,-1.00,0.22,0.38,10.36,-0.05,-0.04,-0.03,22.26,168,60,188

720,75974,50,43,7,-1,-1,-1.00,0.01,0.23,10.24,-0.05,-0.04,-0.03,22.26,163,54,190

721,76024,50,43,7,-1,-1,-1.00,0.24,0.53,10.39,-0.07,-0.05,-0.02,22.26,179,54,186

722,76074,50,43,7,-1,-1,-1.00,0.25,0.34,10.31,-0.05,-0.04,-0.02,22.26,161,52,192

723,76124,50,43,7,-1,-1,-1.00,0.07,0.45,10.30,-0.07,-0.04,-0.02,22.25,174,59,188

724,76174,50,43,7,-1,-1,-1.00,0.25,0.34,10.33,-0.06,-0.04,-0.02,22.26,166,56,193

725,76224,50,43,7,-1,-1,-1.00,0.03,0.39,10.30,-0.07,-0.05,-0.01,22.26,170,52,191

726,76274,50,43,7,-1,-1,-1.00,0.25,0.34,10.32,-0.06,-0.04,-0.02,22.26,170,53,194

727,76324,50,43,7,-1,-1,-1.00,0.04,0.40,10.31,-0.07,-0.05,-0.01,22.26,179,56,193

728,76374,50,43,7,-1,-1,-1.00,0.25,0.34,10.32,-0.06,-0.04,-0.02,22.27,172,53,189

729,76424,50,43,7,-1,-1,-1.00,0.01,0.41,10.53,-0.06,-0.04,-0.01,22.27,175,58,189

730,76474,50,43,7,-1,-1,-1.00,0.25,0.31,10.29,-0.06,-0.04,-0.02,22.27,173,53,189

731,76524,50,43,7,-1,-1,-1.00,0.13,0.41,10.43,-0.07,-0.05,-0.02,22.26,173,56,193

732,76574,50,43,7,-1,-1,-1.00,0.26,0.33,10.31,-0.05,-0.04,-0.02,22.26,171,55,186

733,76624,51,43,7,-1,-1,-1.00,0.05,0.40,10.25,-0.07,-0.04,-0.01,22.26,182,51,193

734,76704,49,14,36,-1,-1,-1.00,0.26,0.40,10.39,-0.04,-0.03,-0.03,22.26,163,54,190

735,76726,50,41,9,-1,-1,-1.00,0.22,0.39,10.37,-0.06,-0.04,-0.03,22.26,171,54,194

736,76775,49,42,8,-1,-1,-1.00,0.33,0.34,10.30,-0.06,-0.05,-0.03,22.26,176,59,196

737,76823,50,43,7,-1,-1,-1.00,0.00,0.40,10.44,-0.07,-0.06,-0.01,22.26,169,54,189

738,76873,50,43,7,-1,-1,-1.00,0.24,0.34,10.32,-0.05,-0.04,-0.02,22.26,174,53,184

739,76923,50,43,7,-1,-1,-1.00,0.21,0.48,10.41,-0.07,-0.04,-0.02,22.26,172,56,190

740,76973,50,43,7,-1,-1,-1.00,0.25,0.32,10.31,-0.06,-0.04,-0.02,22.27,173,54,186

741,77023,50,43,7,-1,-1,-1.00,-0.01,0.42,10.51,-0.06,-0.05,-0.01,22.27,173,53,194

742,77073,50,43,7,-1,-1,-1.00,0.24,0.32,10.30,-0.06,-0.04,-0.02,22.26,168,53,194

743,77123,50,43,7,-1,-1,-1.00,0.14,0.39,10.42,-0.07,-0.05,-0.02,22.26,176,53,187

744,77173,50,43,7,-1,-1,-1.00,0.25,0.32,10.32,-0.05,-0.04,-0.02,22.26,166,55,190

745,77223,50,43,7,-1,-1,-1.00,0.06,0.41,10.27,-0.07,-0.04,-0.01,22.26,173,49,185

746,77273,50,43,7,-1,-1,-1.00,0.26,0.34,10.32,-0.06,-0.04,-0.02,22.27,166,52,190

747,77323,50,43,7,-1,-1,-1.00,0.29,0.41,10.38,-0.05,-0.04,-0.03,22.27,173,55,193

748,77373,50,43,7,-1,-1,-1.00,0.25,0.32,10.29,-0.06,-0.04,-0.02,22.26,168,52,194

749,77423,50,43,7,-1,-1,-1.00,0.15,0.41,10.42,-0.07,-0.05,-0.02,22.26,172,56,187

750,77473,50,43,7,-1,-1,-1.00,0.27,0.31,10.32,-0.05,-0.04,-0.02,22.26,169,55,192

751,77523,50,43,7,-1,-1,-1.00,0.10,0.46,10.33,-0.07,-0.04,-0.02,22.26,179,56,190

752,77573,50,43,7,-1,-1,-1.00,0.25,0.34,10.31,-0.06,-0.04,-0.02,22.26,168,54,196

753,77623,50,43,7,-1,-1,-1.00,0.06,0.40,10.26,-0.07,-0.04,-0.01,22.26,178,54,194

754,77673,50,43,7,-1,-1,-1.00,0.26,0.34,10.30,-0.06,-0.04,-0.02,22.26,168,53,192

755,77723,50,43,7,-1,-1,-1.00,0.30,0.41,10.38,-0.05,-0.04,-0.03,22.27,172,57,191

756,77773,50,43,7,-1,-1,-1.00,0.25,0.32,10.29,-0.06,-0.04,-0.02,22.26,167,52,190

757,77823,50,43,7,-1,-1,-1.00,0.13,0.41,10.42,-0.07,-0.05,-0.02,22.26,177,52,186

758,77876,61,40,10,-1,-1,-1.00,0.25,0.32,10.31,-0.05,-0.04,-0.02,22.27,171,57,187

759,77936,49,41,9,-1,-1,-1.00,0.21,0.46,10.39,-0.09,-0.06,-0.02,22.27,170,55,190

760,77984,49,42,8,-1,-1,-1.00,0.22,0.37,10.33,-0.05,-0.04,-0.02,22.27,172,55,187

761,78032,50,43,7,-1,-1,-1.00,0.23,0.37,10.35,-0.06,-0.04,-0.03,22.27,170,55,191

762,78082,50,43,7,-1,-1,-1.00,0.16,0.30,10.32,-0.05,-0.04,-0.04,22.27,166,53,193

763,78132,50,43,7,-1,-1,-1.00,0.12,0.43,10.25,-0.08,-0.05,-0.02,22.27,170,53,187

764,78182,50,43,7,-1,-1,-1.00,0.26,0.35,10.33,-0.05,-0.04,-0.02,22.27,174,55,192

765,78232,50,43,7,-1,-1,-1.00,0.11,0.46,10.35,-0.07,-0.04,-0.02,22.27,173,57,189

766,78282,50,43,7,-1,-1,-1.00,0.23,0.34,10.33,-0.06,-0.04,-0.02,22.28,167,53,188

767,78332,50,43,7,-1,-1,-1.00,0.09,0.46,10.33,-0.07,-0.04,-0.02,22.27,173,56,190

768,78382,50,43,7,-1,-1,-1.00,0.24,0.35,10.33,-0.06,-0.04,-0.02,22.27,166,55,187

769,78432,50,43,7,-1,-1,-1.00,0.07,0.41,10.26,-0.07,-0.04,-0.01,22.27,172,54,189

770,78482,50,43,7,-1,-1,-1.00,0.26,0.34,10.31,-0.06,-0.04,-0.02,22.28,173,51,193

771,78532,50,43,7,-1,-1,-1.00,0.21,0.38,10.35,-0.05,-0.04,-0.03,22.28,175,52,192

772,78582,50,43,7,-1,-1,-1.00,0.01,0.22,10.26,-0.05,-0.04,-0.03,22.28,166,53,193

773,78632,50,43,7,-1,-1,-1.00,0.21,0.51,10.42,-0.07,-0.05,-0.02,22.28,178,56,191

774,78682,50,43,7,-1,-1,-1.00,0.25,0.33,10.32,-0.05,-0.04,-0.02,22.28,172,57,190

775,78732,50,43,7,-1,-1,-1.00,-0.02,0.42,10.52,-0.06,-0.05,-0.01,22.28,178,54,195

776,78782,50,43,7,-1,-1,-1.00,0.23,0.32,10.30,-0.06,-0.04,-0.02,22.28,171,55,192

777,78832,50,43,7,-1,-1,-1.00,0.14,0.40,10.41,-0.07,-0.05,-0.02,22.28,175,48,193

778,78882,50,43,7,-1,-1,-1.00,0.26,0.33,10.30,-0.05,-0.04,-0.02,22.28,168,58,187

779,78932,50,43,7,-1,-1,-1.00,0.05,0.40,10.27,-0.07,-0.04,-0.01,22.28,171,54,187

780,78982,50,43,7,-1,-1,-1.00,0.25,0.34,10.32,-0.06,-0.04,-0.02,22.27,169,55,185

781,79032,50,43,7,-1,-1,-1.00,0.21,0.38,10.35,-0.05,-0.04,-0.03,22.28,174,55,183

782,79082,50,43,7,-1,-1,-1.00,0.01,0.23,10.24,-0.05,-0.04,-0.03,22.28,169,55,187

783,79161,50,14,36,-1,-1,-1.00,0.16,0.40,10.41,-0.08,-0.06,-0.02,22.28,173,55,187

784,79183,49,42,8,-1,-1,-1.00,0.26,0.34,10.32,-0.05,-0.04,-0.02,22.27,168,57,196

785,79234,50,40,10,-1,-1,-1.00,0.23,0.37,10.33,-0.07,-0.05,-0.02,22.29,173,55,191

786,79282,49,42,8,-1,-1,-1.00,0.24,0.37,10.33,-0.06,-0.04,-0.02,22.29,172,57,188

787,79330,50,43,7,-1,-1,-1.00,0.23,0.38,10.35,-0.05,-0.04,-0.02,22.27,174,55,192

788,79380,50,43,7,-1,-1,-1.00,0.30,0.32,10.26,-0.05,-0.05,-0.04,22.28,167,57,187

789,79430,50,43,7,-1,-1,-1.00,-0.01,0.44,10.46,-0.08,-0.06,-0.01,22.27,173,55,190

790,79480,50,43,7,-1,-1,-1.00,0.25,0.33,10.33,-0.05,-0.04,-0.02,22.28,166,54,190

791,79530,50,43,7,-1,-1,-1.00,0.22,0.51,10.35,-0.07,-0.04,-0.02,22.27,178,53,192

792,79580,50,43,7,-1,-1,-1.00,0.26,0.34,10.32,-0.05,-0.04,-0.02,22.28,169,50,192

793,79630,50,43,7,-1,-1,-1.00,0.17,0.44,10.42,-0.07,-0.04,-0.02,22.27,173,54,187

794,79680,50,43,7,-1,-1,-1.00,0.25,0.32,10.32,-0.05,-0.04,-0.02,22.27,171,58,193

795,79730,50,43,7,-1,-1,-1.00,0.36,0.36,10.37,-0.05,-0.03,-0.01,22.27,171,55,191

796,79780,50,43,7,-1,-1,-1.00,0.25,0.32,10.32,-0.06,-0.04,-0.02,22.27,170,54,196

797,79830,50,43,7,-1,-1,-1.00,0.22,0.37,10.35,-0.06,-0.04,-0.02,22.27,174,55,196

798,79880,50,43,7,-1,-1,-1.00,0.09,0.26,10.32,-0.05,-0.04,-0.03,22.26,174,54,192

799,79930,50,43,7,-1,-1,-1.00,0.17,0.47,10.30,-0.08,-0.05,-0.02,22.27,175,53,191

800,80177,49,43,7,-1,-1,-1.00,0.24,0.35,10.35,-0.06,-0.04,-0.02,22.27,171,54,198

801,80226,50,43,7,-1,-1,-1.00,0.02,0.40,10.41,-0.07,-0.06,-0.01,22.26,175,53,190

802,80276,50,43,7,-1,-1,-1.00,0.23,0.34,10.33,-0.05,-0.04,-0.02,22.26,169,53,198

803,80326,50,43,7,-1,-1,-1.00,0.17,0.42,10.43,-0.07,-0.04,-0.02,22.27,175,55,182

804,80376,50,43,7,-1,-1,-1.00,0.26,0.33,10.33,-0.05,-0.04,-0.02,22.27,166,53,196

805,80433,49,36,14,-1,-1,-1.00,0.26,0.49,10.39,-0.07,-0.04,-0.02,22.27,167,53,191

806,80479,49,39,11,-1,-1,-1.00,0.24,0.33,10.34,-0.05,-0.04,-0.02,22.27,167,56,187

807,80525,50,42,8,-1,-1,-1.00,0.47,0.39,10.39,-0.05,-0.03,-0.01,22.27,174,55,186

808,80578,49,39,11,-1,-1,-1.00,0.25,0.33,10.31,-0.06,-0.04,-0.02,22.26,171,55,187

809,80624,49,42,8,-1,-1,-1.00,0.20,0.41,10.33,-0.06,-0.04,-0.02,22.26,171,52,187

810,80672,50,43,7,-1,-1,-1.00,0.25,0.35,10.34,-0.06,-0.04,-0.02,22.27,169,53,193

811,80722,50,43,7,-1,-1,-1.00,0.47,0.39,10.37,-0.05,-0.03,-0.01,22.27,176,59,189

812,80772,50,43,7,-1,-1,-1.00,0.25,0.32,10.31,-0.06,-0.04,-0.02,22.27,171,52,182

813,80822,50,43,7,-1,-1,-1.00,0.22,0.37,10.35,-0.06,-0.04,-0.02,22.27,170,59,187

814,80872,50,43,7,-1,-1,-1.00,0.22,0.31,10.31,-0.05,-0.05,-0.04,22.26,170,53,189

815,80922,50,43,7,-1,-1,-1.00,0.03,0.40,10.28,-0.08,-0.05,-0.02,22.27,175,53,187

816,80972,50,43,7,-1,-1,-1.00,0.24,0.35,10.33,-0.05,-0.04,-0.02,22.27,166,53,193

817,81022,50,43,7,-1,-1,-1.00,0.64,0.53,10.40,-0.05,-0.04,-0.02,22.28,171,53,188

818,81072,50,43,7,-1,-1,-1.00,0.26,0.33,10.30,-0.06,-0.04,-0.02,22.26,167,58,191

819,81122,50,43,7,-1,-1,-1.00,0.01,0.43,10.42,-0.07,-0.05,-0.01,22.26,171,55,188

820,81172,50,43,7,-1,-1,-1.00,0.25,0.33,10.32,-0.05,-0.04,-0.02,22.28,168,53,187

821,81222,50,43,7,-1,-1,-1.00,0.16,0.38,10.41,-0.07,-0.05,-0.02,22.27,174,56,191

822,81272,50,43,7,-1,-1,-1.00,0.26,0.32,10.32,-0.05,-0.04,-0.02,22.27,172,52,186

823,81322,50,43,7,-1,-1,-1.00,0.04,0.39,10.30,-0.08,-0.05,-0.01,22.28,166,54,194

824,81372,50,43,7,-1,-1,-1.00,0.25,0.34,10.31,-0.05,-0.04,-0.02,22.27,169,53,189

825,81422,50,43,7,-1,-1,-1.00,0.04,0.41,10.39,-0.07,-0.05,-0.01,22.27,170,54,189

826,81472,50,43,7,-1,-1,-1.00,0.25,0.34,10.31,-0.05,-0.04,-0.02,22.27,166,58,194

827,81522,50,43,7,-1,-1,-1.00,0.23,0.50,10.40,-0.07,-0.05,-0.02,22.27,174,54,189

828,81572,50,43,7,-1,-1,-1.00,0.26,0.34,10.32,-0.05,-0.04,-0.02,22.27,174,54,189

829,81622,50,43,7,-1,-1,-1.00,0.22,0.51,10.36,-0.07,-0.04,-0.02,22.27,175,54,189

830,81672,50,43,7,-1,-1,-1.00,0.25,0.34,10.32,-0.05,-0.04,-0.02,22.27,167,53,193

831,81722,50,43,7,-1,-1,-1.00,0.16,0.42,10.42,-0.07,-0.04,-0.02,22.26,174,54,188

832,81772,50,43,7,-1,-1,-1.00,0.26,0.32,10.32,-0.05,-0.04,-0.02,22.27,168,51,184

833,81822,50,43,7,-1,-1,-1.00,0.34,0.35,10.36,-0.06,-0.04,-0.01,22.27,176,52,186

834,81872,50,43,7,-1,-1,-1.00,0.25,0.32,10.32,-0.06,-0.04,-0.02,22.27,169,57,190

835,81922,50,43,7,-1,-1,-1.00,0.22,0.38,10.35,-0.06,-0.04,-0.03,22.27,172,56,188

836,81972,50,43,7,-1,-1,-1.00,0.29,0.32,10.30,-0.04,-0.04,-0.04,22.27,173,54,189

837,82022,50,43,7,-1,-1,-1.00,0.04,0.42,10.34,-0.09,-0.05,-0.01,22.27,175,55,191

838,82072,50,43,7,-1,-1,-1.00,0.25,0.34,10.32,-0.05,-0.04,-0.02,22.27,170,52,190

839,82122,50,43,7,-1,-1,-1.00,0.00,0.41,10.51,-0.06,-0.04,-0.01,22.27,174,53,190

840,82172,50,43,7,-1,-1,-1.00,0.24,0.32,10.31,-0.05,-0.04,-0.02,22.26,169,50,192

841,82222,50,43,7,-1,-1,-1.00,0.16,0.36,10.40,-0.08,-0.05,-0.02,22.27,169,56,190

842,82272,50,43,7,-1,-1,-1.00,0.26,0.33,10.33,-0.05,-0.04,-0.02,22.28,173,55,188

843,82322,50,43,7,-1,-1,-1.00,0.23,0.50,10.36,-0.07,-0.04,-0.02,22.28,170,55,196

844,82372,50,43,7,-1,-1,-1.00,0.25,0.34,10.33,-0.05,-0.04,-0.02,22.28,163,52,186

845,82422,50,43,7,-1,-1,-1.00,0.25,0.50,10.39,-0.07,-0.05,-0.02,22.28,170,56,193

846,82472,50,43,7,-1,-1,-1.00,0.25,0.33,10.33,-0.05,-0.04,-0.02,22.28,168,51,189

847,82522,50,43,7,-1,-1,-1.00,0.16,0.40,10.45,-0.07,-0.05,-0.02,22.29,171,59,188

848,82572,50,43,7,-1,-1,-1.00,0.26,0.33,10.32,-0.05,-0.04,-0.02,22.27,169,52,189

849,82622,50,43,7,-1,-1,-1.00,0.57,0.41,10.33,-0.06,-0.04,-0.01,22.28,170,55,191

850,82672,50,43,7,-1,-1,-1.00,0.25,0.32,10.30,-0.06,-0.04,-0.02,22.28,171,56,195

851,82751,49,14,36,-1,-1,-1.00,0.22,0.38,10.35,-0.06,-0.04,-0.02,22.28,173,53,192

852,82773,50,41,9,-1,-1,-1.00,0.25,0.31,10.31,-0.06,-0.04,-0.02,22.28,165,54,189

853,82822,49,42,8,-1,-1,-1.00,0.21,0.42,10.41,-0.07,-0.05,-0.03,22.27,169,55,184

854,82870,50,43,7,-1,-1,-1.00,0.24,0.35,10.35,-0.06,-0.04,-0.02,22.27,171,55,191

855,82920,50,43,7,-1,-1,-1.00,0.33,0.35,10.37,-0.05,-0.03,-0.01,22.27,172,57,194

856,82970,50,43,7,-1,-1,-1.00,0.25,0.33,10.31,-0.06,-0.04,-0.02,22.27,169,57,187

857,83020,50,43,7,-1,-1,-1.00,0.23,0.38,10.34,-0.06,-0.04,-0.03,22.28,171,54,195

858,83070,50,43,7,-1,-1,-1.00,0.28,0.32,10.31,-0.04,-0.04,-0.04,22.27,168,53,197

859,83120,50,43,7,-1,-1,-1.00,0.02,0.41,10.29,-0.09,-0.05,-0.02,22.28,175,54,189

860,83170,50,43,7,-1,-1,-1.00,0.24,0.36,10.33,-0.05,-0.04,-0.02,22.28,169,53,191

861,83220,50,43,7,-1,-1,-1.00,0.58,0.45,10.33,-0.06,-0.04,-0.01,22.27,174,54,189

862,83270,50,43,7,-1,-1,-1.00,0.25,0.33,10.32,-0.06,-0.04,-0.02,22.28,166,54,198

863,83320,50,43,7,-1,-1,-1.00,0.23,0.39,10.36,-0.05,-0.04,-0.03,22.27,174,54,190

864,83370,50,43,7,-1,-1,-1.00,0.06,0.25,10.22,-0.05,-0.04,-0.02,22.28,168,57,190

865,83420,50,43,7,-1,-1,-1.00,0.17,0.47,10.45,-0.08,-0.05,-0.02,22.27,177,55,185

866,83470,50,43,7,-1,-1,-1.00,0.26,0.34,10.33,-0.05,-0.04,-0.02,22.28,172,55,190

867,83520,50,43,7,-1,-1,-1.00,0.14,0.34,10.45,-0.06,-0.03,-0.01,22.29,172,53,190

868,83570,50,43,7,-1,-1,-1.00,0.26,0.31,10.31,-0.06,-0.04,-0.02,22.28,167,56,192

869,83620,50,43,7,-1,-1,-1.00,0.06,0.42,10.27,-0.07,-0.04,-0.02,22.27,168,52,183

870,83670,50,43,7,-1,-1,-1.00,0.25,0.34,10.31,-0.05,-0.04,-0.02,22.28,171,54,190

871,83720,50,43,7,-1,-1,-1.00,0.23,0.37,10.35,-0.05,-0.04,-0.03,22.29,176,57,193

872,83770,50,43,7,-1,-1,-1.00,0.01,0.23,10.23,-0.05,-0.04,-0.03,22.27,168,52,190

873,83820,50,43,7,-1,-1,-1.00,0.17,0.48,10.44,-0.08,-0.05,-0.02,22.27,170,56,191

874,83870,50,43,7,-1,-1,-1.00,0.25,0.34,10.32,-0.05,-0.04,-0.02,22.27,168,55,186

875,83922,59,41,9,-1,-1,-1.00,0.04,0.41,10.39,-0.07,-0.05,-0.01,22.27,172,56,187

876,83980,49,42,8,-1,-1,-1.00,0.21,0.33,10.32,-0.05,-0.04,-0.02,22.28,170,56,194

877,84034,49,37,13,-1,-1,-1.00,0.26,0.34,10.35,-0.08,-0.06,-0.02,22.27,163,53,192

878,84078,49,42,8,-1,-1,-1.00,0.25,0.34,10.33,-0.05,-0.04,-0.02,22.27,163,54,192

879,84126,50,43,7,-1,-1,-1.00,0.23,0.36,10.35,-0.06,-0.04,-0.03,22.27,172,59,187

880,84176,50,43,7,-1,-1,-1.00,0.24,0.30,10.28,-0.06,-0.04,-0.02,22.28,168,55,185

881,84226,50,43,7,-1,-1,-1.00,0.15,0.38,10.40,-0.07,-0.05,-0.02,22.28,170,54,193

882,84276,50,43,7,-1,-1,-1.00,0.25,0.32,10.31,-0.05,-0.04,-0.02,22.28,170,55,192

883,84326,50,43,7,-1,-1,-1.00,0.20,0.49,10.35,-0.07,-0.05,-0.02,22.28,176,53,189

884,84376,50,43,7,-1,-1,-1.00,0.24,0.34,10.31,-0.05,-0.04,-0.02,22.28,175,55,190

885,84426,50,43,7,-1,-1,-1.00,0.25,0.51,10.40,-0.07,-0.04,-0.02,22.28,171,55,191

886,84476,50,43,7,-1,-1,-1.00,0.25,0.33,10.33,-0.05,-0.04,-0.02,22.27,166,54,191

887,84526,50,43,7,-1,-1,-1.00,0.16,0.39,10.42,-0.08,-0.05,-0.02,22.28,171,54,190

888,84576,50,43,7,-1,-1,-1.00,0.25,0.33,10.32,-0.05,-0.04,-0.02,22.28,170,55,191

889,84626,50,43,7,-1,-1,-1.00,0.08,0.35,10.49,-0.06,-0.04,-0.01,22.27,170,53,187

890,84676,50,43,7,-1,-1,-1.00,0.25,0.32,10.31,-0.05,-0.04,-0.02,22.28,167,53,184

891,84726,50,43,7,-1,-1,-1.00,0.22,0.47,10.42,-0.07,-0.04,-0.02,22.28,174,51,191

892,84776,50,43,7,-1,-1,-1.00,0.25,0.33,10.32,-0.05,-0.04,-0.02,22.29,167,53,186

893,84826,50,43,7,-1,-1,-1.00,-0.01,0.42,10.49,-0.07,-0.05,-0.01,22.27,174,53,193

894,84876,50,43,7,-1,-1,-1.00,0.23,0.34,10.31,-0.05,-0.04,-0.02,22.27,170,56,192

895,84926,50,43,7,-1,-1,-1.00,0.16,0.37,10.38,-0.08,-0.05,-0.02,22.27,172,57,191

896,84976,50,43,7,-1,-1,-1.00,0.24,0.32,10.32,-0.05,-0.04,-0.02,22.28,171,58,185

897,85026,50,43,7,-1,-1,-1.00,0.24,0.50,10.37,-0.07,-0.04,-0.02,22.28,172,54,189

898,85076,50,43,7,-1,-1,-1.00,0.25,0.33,10.31,-0.05,-0.04,-0.02,22.28,169,52,187

899,85126,77,43,7,-1,-1,-1.00,0.17,0.42,10.43,-0.07,-0.04,-0.02,22.28,174,53,192

900,85500,50,43,7,-1,-1,-1.00,0.25,0.36,10.35,-0.06,-0.04,-0.02,22.27,169,56,190

901,85551,50,42,8,-1,-1,-1.00,0.05,0.36,10.29,-0.08,-0.05,-0.01,22.28,174,52,185

902,85600,50,43,7,-1,-1,-1.00,0.23,0.36,10.33,-0.05,-0.04,-0.02,22.29,163,52,191

903,85650,50,43,7,-1,-1,-1.00,0.06,0.36,10.49,-0.06,-0.04,-0.01,22.28,173,55,193

904,85700,50,43,7,-1,-1,-1.00,0.25,0.32,10.32,-0.05,-0.04,-0.02,22.28,165,54,192

905,85750,50,43,7,-1,-1,-1.00,0.23,0.47,10.43,-0.07,-0.04,-0.02,22.28,175,52,197

906,85800,50,43,7,-1,-1,-1.00,0.26,0.34,10.34,-0.05,-0.04,-0.02,22.28,165,58,186

907,85850,50,43,7,-1,-1,-1.00,0.05,0.39,10.25,-0.07,-0.05,-0.01,22.28,173,54,187

908,85900,50,43,7,-1,-1,-1.00,0.25,0.34,10.33,-0.05,-0.04,-0.02,22.27,172,53,195

909,85950,50,43,7,-1,-1,-1.00,0.45,0.38,10.40,-0.06,-0.03,-0.01,22.27,172,52,192

910,86000,50,43,7,-1,-1,-1.00,0.24,0.32,10.32,-0.05,-0.04,-0.02,22.28,168,54,184

911,86050,50,43,7,-1,-1,-1.00,0.23,0.37,10.34,-0.06,-0.04,-0.02,22.28,174,54,190

912,86100,50,43,7,-1,-1,-1.00,0.04,0.21,10.25,-0.05,-0.04,-0.03,22.28,170,57,190

913,86150,50,43,7,-1,-1,-1.00,0.20,0.49,10.45,-0.08,-0.05,-0.02,22.28,178,54,189

914,86200,50,43,7,-1,-1,-1.00,0.24,0.34,10.32,-0.05,-0.04,-0.02,22.27,168,54,187

915,86250,50,43,7,-1,-1,-1.00,0.03,0.38,10.28,-0.08,-0.05,-0.01,22.27,171,56,186

916,86300,50,43,7,-1,-1,-1.00,0.24,0.34,10.33,-0.05,-0.04,-0.02,22.27,170,52,191

917,86350,50,43,7,-1,-1,-1.00,0.00,0.42,10.44,-0.07,-0.06,-0.01,22.27,174,54,186

918,86400,50,43,7,-1,-1,-1.00,0.24,0.34,10.32,-0.05,-0.04,-0.02,22.27,168,59,194

919,86450,50,43,7,-1,-1,-1.00,0.18,0.35,10.40,-0.08,-0.05,-0.02,22.27,167,54,190

920,86500,50,43,7,-1,-1,-1.00,0.24,0.32,10.33,-0.05,-0.04,-0.02,22.27,168,57,192

921,86550,50,43,7,-1,-1,-1.00,0.05,0.37,10.27,-0.08,-0.05,-0.01,22.28,168,52,191

922,86600,50,43,7,-1,-1,-1.00,0.24,0.34,10.34,-0.05,-0.04,-0.02,22.27,162,56,193

923,86650,50,43,7,-1,-1,-1.00,0.10,0.34,10.47,-0.06,-0.04,-0.01,22.27,170,54,190

924,86700,50,43,7,-1,-1,-1.00,0.25,0.32,10.32,-0.05,-0.04,-0.02,22.29,171,56,192

925,86780,49,13,37,-1,-1,-1.00,0.23,0.35,10.29,-0.08,-0.05,-0.02,22.28,171,58,187

926,86800,49,42,8,-1,-1,-1.00,0.23,0.34,10.32,-0.05,-0.04,-0.02,22.28,165,55,187

927,86851,50,40,10,-1,-1,-1.00,0.22,0.36,10.32,-0.07,-0.05,-0.02,22.27,164,55,195

928,86899,50,42,8,-1,-1,-1.00,0.23,0.36,10.35,-0.06,-0.04,-0.02,22.28,171,52,191

929,86948,50,43,7,-1,-1,-1.00,0.21,0.32,10.33,-0.07,-0.05,-0.02,22.28,168,56,194

930,86998,50,43,7,-1,-1,-1.00,0.23,0.37,10.35,-0.06,-0.04,-0.02,22.28,169,53,190

931,87048,50,43,7,-1,-1,-1.00,-0.01,0.42,10.50,-0.06,-0.04,-0.01,22.28,176,58,189

932,87098,50,43,7,-1,-1,-1.00,0.21,0.32,10.30,-0.05,-0.04,-0.02,22.28,169,55,187

933,87148,50,43,7,-1,-1,-1.00,0.15,0.35,10.41,-0.08,-0.05,-0.02,22.28,170,57,192

934,87198,50,43,7,-1,-1,-1.00,0.24,0.34,10.35,-0.05,-0.04,-0.02,22.28,167,56,192

935,87248,50,43,7,-1,-1,-1.00,0.06,0.40,10.27,-0.07,-0.05,-0.02,22.28,176,51,193

936,87298,50,43,7,-1,-1,-1.00,0.25,0.35,10.33,-0.05,-0.04,-0.02,22.27,172,57,188

937,87348,50,43,7,-1,-1,-1.00,0.50,0.39,10.34,-0.06,-0.04,-0.01,22.27,164,55,190

938,87398,50,43,7,-1,-1,-1.00,0.24,0.32,10.32,-0.06,-0.04,-0.02,22.28,173,54,192

939,87448,50,43,7,-1,-1,-1.00,0.22,0.37,10.37,-0.06,-0.04,-0.03,22.28,170,54,183

940,87498,50,43,7,-1,-1,-1.00,0.06,0.26,10.29,-0.05,-0.04,-0.03,22.28,164,56,188

941,87548,50,43,7,-1,-1,-1.00,0.00,0.44,10.45,-0.08,-0.06,-0.01,22.28,167,56,193

942,87598,50,43,7,-1,-1,-1.00,0.24,0.34,10.32,-0.05,-0.04,-0.02,22.29,168,56,191

943,87648,50,43,7,-1,-1,-1.00,0.05,0.40,10.35,-0.08,-0.05,-0.01,22.29,172,54,195

944,87698,50,43,7,-1,-1,-1.00,0.25,0.34,10.32,-0.05,-0.04,-0.02,22.29,171,56,188

945,87748,50,43,7,-1,-1,-1.00,0.03,0.39,10.28,-0.08,-0.05,-0.01,22.29,177,54,190

946,87798,50,43,7,-1,-1,-1.00,0.25,0.34,10.33,-0.05,-0.04,-0.02,22.29,168,56,185

947,87848,50,43,7,-1,-1,-1.00,0.46,0.38,10.37,-0.06,-0.03,-0.01,22.29,174,56,189

948,87898,50,43,7,-1,-1,-1.00,0.24,0.33,10.31,-0.06,-0.04,-0.02,22.29,170,52,188

949,87948,50,43,7,-1,-1,-1.00,0.23,0.37,10.35,-0.06,-0.04,-0.02,22.29,175,51,187

950,87998,52,43,7,-1,-1,-1.00,0.25,0.32,10.32,-0.04,-0.04,-0.04,22.29,167,57,187

951,88051,50,42,8,-1,-1,-1.00,0.14,0.43,10.29,-0.08,-0.05,-0.02,22.27,167,52,185

952,88101,49,42,8,-1,-1,-1.00,0.24,0.37,10.36,-0.05,-0.04,-0.02,22.29,170,59,189

953,88151,50,41,9,-1,-1,-1.00,0.25,0.36,10.33,-0.06,-0.04,-0.03,22.29,166,54,191

954,88200,49,42,8,-1,-1,-1.00,0.25,0.33,10.31,-0.06,-0.04,-0.02,22.29,168,54,194

955,88249,49,42,8,-1,-1,-1.00,-0.02,0.40,10.50,-0.06,-0.05,-0.01,22.29,171,56,186

956,88297,50,43,7,-1,-1,-1.00,0.25,0.32,10.32,-0.05,-0.04,-0.02,22.29,174,54,184

957,88347,50,43,7,-1,-1,-1.00,0.16,0.39,10.41,-0.08,-0.05,-0.02,22.29,169,56,192

958,88397,50,43,7,-1,-1,-1.00,0.26,0.33,10.32,-0.05,-0.04,-0.02,22.29,169,50,196

959,88447,50,43,7,-1,-1,-1.00,0.23,0.50,10.36,-0.07,-0.04,-0.02,22.30,169,54,188

960,88497,50,43,7,-1,-1,-1.00,0.25,0.33,10.33,-0.05,-0.04,-0.02,22.29,170,58,190

961,88547,50,43,7,-1,-1,-1.00,0.16,0.40,10.43,-0.07,-0.05,-0.02,22.29,173,55,186

962,88597,50,43,7,-1,-1,-1.00,0.26,0.33,10.33,-0.05,-0.04,-0.02,22.29,167,52,189

963,88647,50,43,7,-1,-1,-1.00,0.07,0.43,10.29,-0.07,-0.04,-0.02,22.29,170,56,189

964,88697,50,43,7,-1,-1,-1.00,0.25,0.34,10.34,-0.05,-0.04,-0.02,22.28,168,54,195

965,88747,50,43,7,-1,-1,-1.00,0.04,0.38,10.26,-0.07,-0.05,-0.01,22.29,174,56,191

966,88797,50,43,7,-1,-1,-1.00,0.25,0.34,10.32,-0.05,-0.04,-0.02,22.28,167,56,191

967,88847,50,43,7,-1,-1,-1.00,0.22,0.38,10.35,-0.05,-0.04,-0.03,22.28,172,54,186

968,88897,50,43,7,-1,-1,-1.00,0.22,0.33,10.28,-0.06,-0.04,-0.02,22.28,167,53,190

969,88947,50,43,7,-1,-1,-1.00,0.16,0.45,10.46,-0.08,-0.05,-0.02,22.28,178,57,193

970,88997,50,43,7,-1,-1,-1.00,0.24,0.33,10.33,-0.05,-0.04,-0.02,22.29,168,56,187

971,89047,50,43,7,-1,-1,-1.00,0.03,0.39,10.26,-0.08,-0.05,-0.01,22.28,169,52,194

972,89097,50,43,7,-1,-1,-1.00,0.24,0.34,10.33,-0.05,-0.04,-0.02,22.29,168,54,182

973,89147,50,43,7,-1,-1,-1.00,0.59,0.51,10.39,-0.05,-0.04,-0.02,22.28,174,54,186

974,89197,50,43,7,-1,-1,-1.00,0.24,0.32,10.30,-0.06,-0.04,-0.02,22.27,170,56,190

975,89247,50,43,7,-1,-1,-1.00,0.08,0.43,10.30,-0.07,-0.04,-0.02,22.27,173,53,190

976,89297,50,43,7,-1,-1,-1.00,0.25,0.35,10.34,-0.05,-0.04,-0.02,22.27,166,54,186

977,89347,50,43,7,-1,-1,-1.00,0.06,0.41,10.27,-0.07,-0.04,-0.02,22.27,176,58,192

978,89427,49,13,37,-1,-1,-1.00,0.26,0.33,10.33,-0.05,-0.04,-0.02,22.29,170,54,186

979,89448,52,41,9,-1,-1,-1.00,0.21,0.30,10.30,-0.06,-0.04,-0.03,22.29,171,54,193

980,89498,50,43,7,-1,-1,-1.00,0.26,0.33,10.31,-0.07,-0.05,-0.03,22.28,169,55,186

981,89549,49,42,8,-1,-1,-1.00,0.22,0.39,10.37,-0.05,-0.04,-0.03,22.29,169,55,192

982,89597,50,43,7,-1,-1,-1.00,0.21,0.30,10.31,-0.05,-0.05,-0.04,22.29,166,54,192

983,89647,50,43,7,-1,-1,-1.00,0.04,0.40,10.30,-0.09,-0.05,-0.01,22.29,168,60,184

984,89697,50,43,7,-1,-1,-1.00,0.24,0.35,10.32,-0.05,-0.04,-0.02,22.29,168,58,190

985,89747,50,43,7,-1,-1,-1.00,0.32,0.36,10.35,-0.06,-0.04,-0.01,22.29,170,53,192

986,89797,50,43,7,-1,-1,-1.00,0.25,0.33,10.33,-0.05,-0.04,-0.02,22.29,169,57,188

987,89847,50,43,7,-1,-1,-1.00,0.03,0.40,10.53,-0.06,-0.05,-0.01,22.29,175,55,188

988,89897,50,43,7,-1,-1,-1.00,0.24,0.30,10.30,-0.05,-0.04,-0.02,22.29,163,55,190

989,89947,50,43,7,-1,-1,-1.00,0.15,0.41,10.44,-0.08,-0.05,-0.02,22.28,167,55,191

990,89997,50,43,7,-1,-1,-1.00,0.25,0.34,10.32,-0.05,-0.04,-0.02,22.27,169,54,195

991,90047,50,43,7,-1,-1,-1.00,0.26,0.49,10.36,-0.07,-0.04,-0.02,22.29,173,52,193

992,90097,50,43,7,-1,-1,-1.00,0.25,0.34,10.33,-0.05,-0.04,-0.02,22.29,171,53,194

993,90147,50,43,7,-1,-1,-1.00,0.16,0.38,10.43,-0.08,-0.05,-0.02,22.28,173,58,191

994,90197,50,43,7,-1,-1,-1.00,0.25,0.34,10.33,-0.05,-0.04,-0.02,22.28,169,53,190

995,90247,50,43,7,-1,-1,-1.00,0.26,0.51,10.36,-0.07,-0.04,-0.02,22.29,171,54,185

996,90297,50,43,7,-1,-1,-1.00,0.26,0.33,10.32,-0.05,-0.04,-0.02,22.28,162,51,191

997,90347,50,43,7,-1,-1,-1.00,0.18,0.43,10.43,-0.07,-0.04,-0.02,22.29,172,55,190

998,90397,50,43,7,-1,-1,-1.00,0.25,0.33,10.33,-0.05,-0.04,-0.02,22.29,167,54,190

999,90447,50,43,7,-1,-1,-1.00,0.10,0.35,10.49,-0.06,-0.04,-0.00,22.29,170,51,194

